#include "graphics.h"
#include <stdbool.h>
#include <math.h>
#include <stdlib.h>

volatile int pixel_buffer_start; // global variable
volatile int * pixel_ctrl_ptr = (int *) 0xFF203020;
short int Buffer1[240][512]; // 240 rows, 512 (320 + padding) columns
short int Buffer2[240][512];

static const short int Fight_Button[] = {
  0xfb85, 0xfb85, 0xfb85, 0xfb85, 0xfb85, 0xfb85, 0xfb85, 0xfb85, 0xfb85, 0xfb85, 0xfb85, 0xfb85, 0xfb85, 0xfb85, 0xfb85, 0xfb85, 0xfb85, 0xfb85, 0xfb85, 0xfb85, 0xfb85, 0xfb85, 0xfb85, 0xfb85, 0xfb85, 0xfb85, 0xfb85, 0xfb85, 0xfb85, 0xfb85, 0xfb85, 0xfb85, 0xfb85, 0xfb85, 0xfb85, 0xfb85, 0xfb85, 0xfb85, 0xfb85, 0xfb85, 0xfb85, 0xfb85, 0xfb85, 0xfb85, 0xfb85, 0xfb85, 0xfb85, 0xfb85, 0xfb85, 0xfb85, 0xfb85, 0xfb85, 0xfb85, 0xfb85, 0xfb85, 
  0xfb85, 0x0000, 0x0000, 0x0000, 0x0000, 0x0000, 0x0000, 0x0000, 0x0000, 0x0000, 0x0000, 0x0000, 0x0000, 0x0000, 0x0000, 0x0000, 0x0000, 0x0000, 0x0000, 0x0000, 0x0000, 0x0000, 0x0000, 0x0000, 0x0000, 0x0000, 0x0000, 0x0000, 0x0000, 0x0000, 0x0000, 0x0000, 0x0000, 0x0000, 0x0000, 0x0000, 0x0000, 0x0000, 0x0000, 0x0000, 0x0000, 0x0000, 0x0000, 0x0000, 0x0000, 0x0000, 0x0000, 0x0000, 0x0000, 0x0000, 0x0000, 0x0000, 0x0000, 0x0000, 0xfb85, 
  0xfb85, 0x0000, 0x0000, 0x0000, 0x0000, 0x0000, 0x0000, 0x0000, 0x0000, 0x0000, 0x0000, 0x0000, 0x0000, 0x0000, 0x0000, 0x0000, 0x0000, 0x0000, 0x0000, 0x0000, 0x0000, 0x0000, 0x0000, 0x0000, 0x0000, 0x0000, 0x0000, 0x0000, 0x0000, 0x0000, 0x0000, 0x0000, 0x0000, 0x0000, 0x0000, 0x0000, 0x0000, 0x0000, 0x0000, 0x0000, 0x0000, 0x0000, 0x0000, 0x0000, 0x0000, 0x0000, 0x0000, 0x0000, 0x0000, 0x0000, 0x0000, 0x0000, 0x0000, 0x0000, 0xfb85, 
  0xfb85, 0x0000, 0x0000, 0x0000, 0x0000, 0x0000, 0x0000, 0x0000, 0x0000, 0x0000, 0x0000, 0x0000, 0x0000, 0x0000, 0x0000, 0x0000, 0x0000, 0x0000, 0x0000, 0x0000, 0x0000, 0x0000, 0x0000, 0x0000, 0x0000, 0x0000, 0x0000, 0x0000, 0x0000, 0x0000, 0x0000, 0x0000, 0x0000, 0x0000, 0x0000, 0x0000, 0x0000, 0x0000, 0x0000, 0x0000, 0x0000, 0x0000, 0x0000, 0x0000, 0x0000, 0x0000, 0x0000, 0x0000, 0x0000, 0x0000, 0x0000, 0x0000, 0x0000, 0x0000, 0xfb85, 
  0xfb85, 0x0000, 0x0000, 0x0000, 0x0000, 0x0000, 0x0000, 0x0000, 0x0000, 0x40e1, 0xfb85, 0x0000, 0x0000, 0x0000, 0x0000, 0x81c2, 0xfb85, 0xfb85, 0xfb85, 0xfb85, 0xfb85, 0xfb85, 0x0000, 0xfb85, 0xfb85, 0xfb85, 0xfb85, 0xfb85, 0xfb85, 0x0000, 0xc2a4, 0xfb85, 0xfb85, 0xfb85, 0xfb85, 0xfb85, 0x81c2, 0x81c2, 0xfb85, 0x40e1, 0x0000, 0x0000, 0xc2a4, 0xfb85, 0x0000, 0xfb85, 0xfb85, 0xfb85, 0xfb85, 0xfb85, 0xfb85, 0xfb85, 0x0000, 0x0000, 0xfb85, 
  0xfb85, 0x0000, 0x0000, 0x0000, 0x0000, 0x0000, 0x0000, 0x0000, 0x0000, 0xc2a4, 0xfb85, 0x0000, 0x0000, 0x0000, 0x0000, 0x81c2, 0xfb85, 0xfb85, 0xfb85, 0xfb85, 0xfb85, 0xfb85, 0x0000, 0xfb85, 0xfb85, 0xfb85, 0xfb85, 0xfb85, 0xfb85, 0x0000, 0xfb85, 0xfb85, 0xfb85, 0xfb85, 0xfb85, 0xfb85, 0x81c2, 0x81c2, 0xfb85, 0x81c2, 0x0000, 0x0000, 0xfb85, 0xfb85, 0x0000, 0xfb85, 0xfb85, 0xfb85, 0xfb85, 0xfb85, 0xfb85, 0xfb85, 0x0000, 0x0000, 0xfb85, 
  0xfb85, 0x0000, 0x0000, 0x0000, 0x0000, 0x0000, 0x0000, 0x0000, 0x81c2, 0xfb85, 0xfb85, 0x0000, 0x0000, 0x0000, 0x0000, 0x81c2, 0xfb85, 0xfb85, 0x0000, 0x0000, 0x0000, 0x40e1, 0x0000, 0x40e1, 0x0000, 0xfb85, 0xfb85, 0x0000, 0x40e1, 0x0000, 0xfb85, 0xfb85, 0x81c2, 0x81c2, 0xfb85, 0xfb85, 0x81c2, 0x81c2, 0xfb85, 0x81c2, 0x0000, 0x0000, 0xfb85, 0xfb85, 0x0000, 0x40e1, 0x0000, 0x81c2, 0xfb85, 0x81c2, 0x0000, 0x40e1, 0x0000, 0x0000, 0xfb85, 
  0xfb85, 0x0000, 0x0000, 0x0000, 0x0000, 0x0000, 0x0000, 0x0000, 0xc2a4, 0xfb85, 0x81c2, 0x0000, 0x0000, 0x0000, 0x0000, 0x81c2, 0xfb85, 0xfb85, 0x0000, 0x0000, 0x0000, 0x0000, 0x0000, 0x0000, 0x0000, 0xfb85, 0xfb85, 0x0000, 0x0000, 0x0000, 0xfb85, 0xfb85, 0x0000, 0x0000, 0x81c2, 0xfb85, 0x81c2, 0x81c2, 0xfb85, 0x81c2, 0x0000, 0x0000, 0xfb85, 0xfb85, 0x0000, 0x0000, 0x0000, 0x81c2, 0xfb85, 0x81c2, 0x0000, 0x0000, 0x0000, 0x0000, 0xfb85, 
  0xfb85, 0x0000, 0x0000, 0x0000, 0x0000, 0x0000, 0x0000, 0x0000, 0xfb85, 0xfb85, 0x40e1, 0x0000, 0x0000, 0x0000, 0x0000, 0x81c2, 0xfb85, 0xfb85, 0x0000, 0x0000, 0x0000, 0x0000, 0x0000, 0x0000, 0x0000, 0xfb85, 0xfb85, 0x0000, 0x0000, 0x0000, 0xfb85, 0xfb85, 0x0000, 0x0000, 0x40e1, 0x81c2, 0x40e1, 0x81c2, 0xfb85, 0x81c2, 0x0000, 0x0000, 0xfb85, 0xfb85, 0x0000, 0x0000, 0x0000, 0x81c2, 0xfb85, 0x81c2, 0x0000, 0x0000, 0x0000, 0x0000, 0xfb85, 
  0xfb85, 0x0000, 0x0000, 0x0000, 0x0000, 0x0000, 0x0000, 0x81c2, 0xfb85, 0xfb85, 0x0000, 0x0000, 0x0000, 0x0000, 0x0000, 0x81c2, 0xfb85, 0xfb85, 0x81c2, 0x81c2, 0x81c2, 0x81c2, 0x0000, 0x0000, 0x0000, 0xfb85, 0xfb85, 0x0000, 0x0000, 0x0000, 0xfb85, 0xfb85, 0x0000, 0x40e1, 0x81c2, 0x81c2, 0x40e1, 0x81c2, 0xfb85, 0xc2a4, 0x81c2, 0x81c2, 0xfb85, 0xfb85, 0x0000, 0x0000, 0x0000, 0x81c2, 0xfb85, 0x81c2, 0x0000, 0x0000, 0x0000, 0x0000, 0xfb85, 
  0xfb85, 0x0000, 0x0000, 0x0000, 0x0000, 0x0000, 0x0000, 0xc2a4, 0xfb85, 0x81c2, 0x0000, 0x0000, 0x0000, 0x0000, 0x0000, 0x81c2, 0xfb85, 0xfb85, 0xfb85, 0xfb85, 0xfb85, 0xfb85, 0x0000, 0x0000, 0x0000, 0xfb85, 0xfb85, 0x0000, 0x0000, 0x0000, 0xfb85, 0xfb85, 0x0000, 0x81c2, 0xfb85, 0xfb85, 0x81c2, 0x81c2, 0xfb85, 0xfb85, 0xfb85, 0xfb85, 0xfb85, 0xfb85, 0x0000, 0x0000, 0x0000, 0x81c2, 0xfb85, 0x81c2, 0x0000, 0x0000, 0x0000, 0x0000, 0xfb85, 
  0xfb85, 0x0000, 0x0000, 0x0000, 0x40e1, 0x81c2, 0x40e1, 0xfb85, 0xfb85, 0x0000, 0x0000, 0x0000, 0x0000, 0x0000, 0x0000, 0x81c2, 0xfb85, 0xfb85, 0x81c2, 0x81c2, 0x81c2, 0x81c2, 0x0000, 0x0000, 0x0000, 0xfb85, 0xfb85, 0x0000, 0x0000, 0x0000, 0xfb85, 0xfb85, 0x0000, 0x40e1, 0xc2a4, 0xfb85, 0x81c2, 0x81c2, 0xfb85, 0xc2a4, 0x81c2, 0x81c2, 0xfb85, 0xfb85, 0x0000, 0x0000, 0x0000, 0x81c2, 0xfb85, 0x81c2, 0x0000, 0x0000, 0x0000, 0x0000, 0xfb85, 
  0xfb85, 0x0000, 0x0000, 0x0000, 0x0000, 0xc2a4, 0xfb85, 0xfb85, 0x81c2, 0x0000, 0x0000, 0x0000, 0x0000, 0x0000, 0x0000, 0x81c2, 0xfb85, 0xfb85, 0x0000, 0x0000, 0x0000, 0x0000, 0x0000, 0x0000, 0x0000, 0xfb85, 0xfb85, 0x0000, 0x0000, 0x0000, 0xfb85, 0xfb85, 0x0000, 0x0000, 0x81c2, 0xfb85, 0x81c2, 0x81c2, 0xfb85, 0x81c2, 0x0000, 0x0000, 0xfb85, 0xfb85, 0x0000, 0x0000, 0x0000, 0x81c2, 0xfb85, 0x81c2, 0x0000, 0x0000, 0x0000, 0x0000, 0xfb85, 
  0xfb85, 0x0000, 0x0000, 0x0000, 0x0000, 0x0000, 0xfb85, 0xfb85, 0xfb85, 0x40e1, 0x0000, 0x0000, 0x0000, 0x0000, 0x0000, 0x81c2, 0xfb85, 0xfb85, 0x0000, 0x0000, 0x0000, 0x0000, 0x0000, 0x0000, 0x0000, 0xfb85, 0xfb85, 0x0000, 0x0000, 0x0000, 0xfb85, 0xfb85, 0x0000, 0x0000, 0x81c2, 0xfb85, 0x81c2, 0x81c2, 0xfb85, 0x81c2, 0x0000, 0x0000, 0xfb85, 0xfb85, 0x0000, 0x0000, 0x0000, 0x81c2, 0xfb85, 0x81c2, 0x0000, 0x0000, 0x0000, 0x0000, 0xfb85, 
  0xfb85, 0x0000, 0x0000, 0x0000, 0x0000, 0x40e1, 0xfb85, 0x81c2, 0x40e1, 0x81c2, 0x0000, 0x0000, 0x0000, 0x0000, 0x0000, 0x81c2, 0xfb85, 0xfb85, 0x0000, 0x0000, 0x0000, 0x0000, 0x0000, 0x40e1, 0x0000, 0xfb85, 0xfb85, 0x0000, 0x40e1, 0x0000, 0xfb85, 0xfb85, 0xc2a4, 0x0000, 0x81c2, 0xfb85, 0x81c2, 0x81c2, 0xfb85, 0x81c2, 0x0000, 0x0000, 0xfb85, 0xfb85, 0x0000, 0x0000, 0x0000, 0x81c2, 0xfb85, 0x81c2, 0x0000, 0x0000, 0x0000, 0x0000, 0xfb85, 
  0xfb85, 0x0000, 0x0000, 0x0000, 0x0000, 0xc2a4, 0xfb85, 0x0000, 0x0000, 0x0000, 0x0000, 0x0000, 0x0000, 0x0000, 0x0000, 0x81c2, 0xfb85, 0xfb85, 0x0000, 0x0000, 0x0000, 0x0000, 0x0000, 0xfb85, 0xfb85, 0xfb85, 0xfb85, 0xfb85, 0xfb85, 0x0000, 0xfb85, 0xfb85, 0xfb85, 0xfb85, 0xfb85, 0xfb85, 0x81c2, 0x81c2, 0xfb85, 0x81c2, 0x0000, 0x0000, 0xfb85, 0xfb85, 0x0000, 0x0000, 0x0000, 0x81c2, 0xfb85, 0x81c2, 0x0000, 0x0000, 0x0000, 0x0000, 0xfb85, 
  0xfb85, 0x0000, 0x0000, 0x0000, 0x0000, 0xfb85, 0x40e1, 0x0000, 0x0000, 0x0000, 0x0000, 0x0000, 0x0000, 0x0000, 0x0000, 0x81c2, 0xfb85, 0xfb85, 0x0000, 0x0000, 0x0000, 0x0000, 0x0000, 0xfb85, 0xfb85, 0xfb85, 0xfb85, 0xfb85, 0xfb85, 0x0000, 0xfb85, 0xfb85, 0xfb85, 0xfb85, 0xfb85, 0xfb85, 0x81c2, 0x81c2, 0xfb85, 0x81c2, 0x0000, 0x0000, 0xfb85, 0xfb85, 0x0000, 0x0000, 0x0000, 0xc2a4, 0xfb85, 0xc2a4, 0x0000, 0x0000, 0x0000, 0x0000, 0xfb85, 
  0xfb85, 0x0000, 0x0000, 0x0000, 0x0000, 0x0000, 0x0000, 0x0000, 0x0000, 0x0000, 0x0000, 0x0000, 0x0000, 0x0000, 0x0000, 0x40e1, 0x81c2, 0x81c2, 0x40e1, 0x0000, 0x0000, 0x0000, 0x0000, 0x81c2, 0x81c2, 0x81c2, 0x81c2, 0x81c2, 0x81c2, 0x0000, 0x81c2, 0x81c2, 0x81c2, 0x81c2, 0x81c2, 0x81c2, 0x40e1, 0x40e1, 0x81c2, 0x0000, 0x0000, 0x0000, 0x40e1, 0x81c2, 0x0000, 0x0000, 0x40e1, 0x81c2, 0x81c2, 0x81c2, 0x40e1, 0x0000, 0x0000, 0x0000, 0xfb85, 
  0xfb85, 0x0000, 0x0000, 0x0000, 0x0000, 0x0000, 0x0000, 0x0000, 0x0000, 0x0000, 0x0000, 0x0000, 0x0000, 0x0000, 0x0000, 0x0000, 0x0000, 0x0000, 0x0000, 0x0000, 0x0000, 0x0000, 0x0000, 0x0000, 0x0000, 0x0000, 0x0000, 0x0000, 0x0000, 0x0000, 0x0000, 0x0000, 0x0000, 0x0000, 0x0000, 0x0000, 0x0000, 0x0000, 0x0000, 0x0000, 0x0000, 0x0000, 0x0000, 0x0000, 0x0000, 0x0000, 0x0000, 0x0000, 0x0000, 0x0000, 0x0000, 0x0000, 0x0000, 0x0000, 0xfb85, 
  0xfb85, 0x0000, 0x0000, 0x0000, 0x0000, 0x0000, 0x0000, 0x0000, 0x0000, 0x0000, 0x0000, 0x0000, 0x0000, 0x0000, 0x0000, 0x0000, 0x0000, 0x0000, 0x0000, 0x0000, 0x0000, 0x0000, 0x0000, 0x0000, 0x0000, 0x0000, 0x0000, 0x0000, 0x0000, 0x0000, 0x0000, 0x0000, 0x0000, 0x0000, 0x0000, 0x0000, 0x0000, 0x0000, 0x0000, 0x0000, 0x0000, 0x0000, 0x0000, 0x0000, 0x0000, 0x0000, 0x0000, 0x0000, 0x0000, 0x0000, 0x0000, 0x0000, 0x0000, 0x0000, 0xfb85, 
  0xfb85, 0xfb85, 0xfb85, 0xfb85, 0xfb85, 0xfb85, 0xfb85, 0xfb85, 0xfb85, 0xfb85, 0xfb85, 0xfb85, 0xfb85, 0xfb85, 0xfb85, 0xfb85, 0xfb85, 0xfb85, 0xfb85, 0xfb85, 0xfb85, 0xfb85, 0xfb85, 0xfb85, 0xfb85, 0xfb85, 0xfb85, 0xfb85, 0xfb85, 0xfb85, 0xfb85, 0xfb85, 0xfb85, 0xfb85, 0xfb85, 0xfb85, 0xfb85, 0xfb85, 0xfb85, 0xfb85, 0xfb85, 0xfb85, 0xfb85, 0xfb85, 0xfb85, 0xfb85, 0xfb85, 0xfb85, 0xfb85, 0xfb85, 0xfb85, 0xfb85, 0xfb85, 0xfb85, 0xfb85
};

static const short int Item_Button[]  = {
  0xbdd7, 0xbdd7, 0xbdd7, 0xbdd7, 0xbdd7, 0xbdd7, 0xbdd7, 0xbdd7, 0xbdd7, 0xbdd7, 0xbdd7, 0xbdd7, 0xbdd7, 0xbdd7, 0xbdd7, 0xbdd7, 0xbdd7, 0xbdd7, 0xbdd7, 0xbdd7, 0xbdd7, 0xbdd7, 0xbdd7, 0xbdd7, 0xbdd7, 0xbdd7, 0xbdd7, 0xbdd7, 0xbdd7, 0xbdd7, 0xbdd7, 0xbdd7, 0xbdd7, 0xbdd7, 0xbdd7, 0xbdd7, 0xbdd7, 0xbdd7, 0xbdd7, 0xbdd7, 0xbdd7, 0xbdd7, 0xbdd7, 0xbdd7, 0xbdd7, 0xbdd7, 0xbdd7, 0xbdd7, 0xbdd7, 0xbdd7, 0xbdd7, 0xbdd7, 0xbdd7, 0xbdd7, 0xbdd7, 
  0xbdd7, 0x0000, 0x0000, 0x0000, 0x0000, 0x0000, 0x0000, 0x0000, 0x0000, 0x0000, 0x0000, 0x0000, 0x0000, 0x0000, 0x0000, 0x0000, 0x0000, 0x0000, 0x0000, 0x0000, 0x0000, 0x0000, 0x0000, 0x0000, 0x0000, 0x0000, 0x0000, 0x0000, 0x0000, 0x0000, 0x0000, 0x0000, 0x0000, 0x0000, 0x0000, 0x0000, 0x0000, 0x0000, 0x0000, 0x0000, 0x0000, 0x0000, 0x0000, 0x0000, 0x0000, 0x0000, 0x0000, 0x0000, 0x0000, 0x0000, 0x0000, 0x0000, 0x0000, 0x0000, 0xbdd7, 
  0xbdd7, 0x0000, 0x0000, 0x0000, 0x0000, 0x0000, 0x0000, 0x0000, 0x0000, 0x0000, 0x0000, 0x0000, 0x0000, 0x0000, 0x0000, 0x0000, 0x0000, 0x0000, 0x0000, 0x0000, 0x0000, 0x0000, 0x0000, 0x0000, 0x0000, 0x0000, 0x0000, 0x0000, 0x0000, 0x0000, 0x0000, 0x0000, 0x0000, 0x0000, 0x0000, 0x0000, 0x0000, 0x0000, 0x0000, 0x0000, 0x0000, 0x0000, 0x0000, 0x0000, 0x0000, 0x0000, 0x0000, 0x0000, 0x0000, 0x0000, 0x0000, 0x0000, 0x0000, 0x0000, 0xbdd7, 
  0xbdd7, 0x0000, 0x0000, 0x0000, 0x0000, 0x0000, 0x0000, 0x0000, 0x0000, 0x0000, 0x0000, 0x0000, 0x0000, 0x0000, 0x0000, 0x0000, 0x0000, 0x0000, 0x0000, 0x0000, 0x0000, 0x0000, 0x0000, 0x0000, 0x0000, 0x0000, 0x0000, 0x0000, 0x0000, 0x0000, 0x0000, 0x0000, 0x0000, 0x0000, 0x0000, 0x0000, 0x0000, 0x0000, 0x0000, 0x0000, 0x0000, 0x0000, 0x0000, 0x0000, 0x0000, 0x0000, 0x0000, 0x0000, 0x0000, 0x0000, 0x0000, 0x0000, 0x0000, 0x0000, 0xbdd7, 
  0xbdd7, 0x0000, 0x0000, 0x0000, 0x0000, 0x0000, 0x0000, 0x0000, 0x0000, 0x0000, 0x0000, 0x0000, 0x0000, 0x0000, 0x0000, 0x0000, 0x0000, 0x8c71, 0xbdd7, 0xbdd7, 0xbdd7, 0xbdd7, 0xbdd7, 0x8c71, 0x0000, 0x0000, 0x8c71, 0xbdd7, 0xbdd7, 0xbdd7, 0xbdd7, 0xbdd7, 0x8c71, 0x0000, 0x2965, 0xbdd7, 0xbdd7, 0x5aeb, 0x0000, 0x5aeb, 0xbdd7, 0xbdd7, 0x2965, 0x0000, 0xbdd7, 0xbdd7, 0xbdd7, 0xbdd7, 0xbdd7, 0xbdd7, 0x5aeb, 0x0000, 0x0000, 0x0000, 0xbdd7, 
  0xbdd7, 0x0000, 0x0000, 0x0000, 0x0000, 0x0000, 0x0000, 0x0000, 0x5aeb, 0x0000, 0x0000, 0x0000, 0x0000, 0x0000, 0x0000, 0x0000, 0x0000, 0xbdd7, 0xbdd7, 0xbdd7, 0xbdd7, 0xbdd7, 0xbdd7, 0xbdd7, 0x0000, 0x0000, 0xbdd7, 0xbdd7, 0xbdd7, 0xbdd7, 0xbdd7, 0xbdd7, 0xbdd7, 0x0000, 0x0000, 0xbdd7, 0xbdd7, 0x5aeb, 0x0000, 0x5aeb, 0xbdd7, 0xbdd7, 0x0000, 0x0000, 0xbdd7, 0xbdd7, 0xbdd7, 0xbdd7, 0xbdd7, 0xbdd7, 0x5aeb, 0x0000, 0x0000, 0x0000, 0xbdd7, 
  0xbdd7, 0x0000, 0x0000, 0x0000, 0x0000, 0x0000, 0x0000, 0x0000, 0x8c71, 0x5aeb, 0x0000, 0x0000, 0x0000, 0x0000, 0x0000, 0x0000, 0x0000, 0xbdd7, 0xbdd7, 0x8c71, 0x5aeb, 0x8c71, 0xbdd7, 0xbdd7, 0x0000, 0x0000, 0xbdd7, 0xbdd7, 0x8c71, 0x0000, 0x8c71, 0xbdd7, 0xbdd7, 0x0000, 0x0000, 0xbdd7, 0xbdd7, 0x5aeb, 0x0000, 0x5aeb, 0xbdd7, 0xbdd7, 0x0000, 0x0000, 0xbdd7, 0xbdd7, 0x5aeb, 0x0000, 0x0000, 0x0000, 0x2965, 0x0000, 0x0000, 0x0000, 0xbdd7, 
  0xbdd7, 0x0000, 0x0000, 0x0000, 0x0000, 0x0000, 0x0000, 0x0000, 0xbdd7, 0x5aeb, 0x0000, 0x0000, 0x0000, 0x0000, 0x0000, 0x0000, 0x0000, 0xbdd7, 0xbdd7, 0x0000, 0x0000, 0x0000, 0xbdd7, 0xbdd7, 0x0000, 0x0000, 0xbdd7, 0xbdd7, 0x5aeb, 0x0000, 0x5aeb, 0xbdd7, 0xbdd7, 0x0000, 0x0000, 0xbdd7, 0xbdd7, 0x5aeb, 0x0000, 0x5aeb, 0xbdd7, 0xbdd7, 0x0000, 0x0000, 0xbdd7, 0xbdd7, 0x5aeb, 0x0000, 0x0000, 0x0000, 0x0000, 0x0000, 0x0000, 0x0000, 0xbdd7, 
  0xbdd7, 0x0000, 0x0000, 0x0000, 0x0000, 0x0000, 0x0000, 0x5aeb, 0xbdd7, 0xbdd7, 0x0000, 0x0000, 0x0000, 0x0000, 0x0000, 0x0000, 0x0000, 0xbdd7, 0xbdd7, 0x0000, 0x0000, 0x0000, 0x5aeb, 0x5aeb, 0x0000, 0x0000, 0xbdd7, 0xbdd7, 0x5aeb, 0x0000, 0x5aeb, 0xbdd7, 0xbdd7, 0x0000, 0x0000, 0xbdd7, 0xbdd7, 0x5aeb, 0x0000, 0x5aeb, 0xbdd7, 0xbdd7, 0x0000, 0x0000, 0xbdd7, 0xbdd7, 0x5aeb, 0x0000, 0x0000, 0x0000, 0x0000, 0x0000, 0x0000, 0x0000, 0xbdd7, 
  0xbdd7, 0x0000, 0x0000, 0x0000, 0x0000, 0x0000, 0x5aeb, 0xbdd7, 0xbdd7, 0xbdd7, 0x5aeb, 0x0000, 0x0000, 0x0000, 0x0000, 0x0000, 0x0000, 0xbdd7, 0xbdd7, 0x5aeb, 0x5aeb, 0x5aeb, 0x2965, 0x0000, 0x0000, 0x0000, 0xbdd7, 0xbdd7, 0x8c71, 0x5aeb, 0x8c71, 0xbdd7, 0xbdd7, 0x0000, 0x0000, 0xbdd7, 0xbdd7, 0x5aeb, 0x0000, 0x5aeb, 0xbdd7, 0xbdd7, 0x0000, 0x0000, 0xbdd7, 0xbdd7, 0x8c71, 0x5aeb, 0x5aeb, 0x5aeb, 0x2965, 0x0000, 0x0000, 0x0000, 0xbdd7, 
  0xbdd7, 0x0000, 0x0000, 0x2965, 0x5aeb, 0xbdd7, 0xbdd7, 0xbdd7, 0xbdd7, 0xbdd7, 0xbdd7, 0xbdd7, 0x5aeb, 0x2965, 0x0000, 0x0000, 0x0000, 0x8c71, 0xbdd7, 0xbdd7, 0xbdd7, 0xbdd7, 0xbdd7, 0x8c71, 0x0000, 0x0000, 0xbdd7, 0xbdd7, 0xbdd7, 0xbdd7, 0xbdd7, 0xbdd7, 0xbdd7, 0x0000, 0x0000, 0xbdd7, 0xbdd7, 0x5aeb, 0x0000, 0x5aeb, 0xbdd7, 0xbdd7, 0x0000, 0x0000, 0xbdd7, 0xbdd7, 0xbdd7, 0xbdd7, 0xbdd7, 0xbdd7, 0x5aeb, 0x0000, 0x0000, 0x0000, 0xbdd7, 
  0xbdd7, 0x0000, 0x0000, 0x0000, 0x0000, 0x2965, 0xbdd7, 0xbdd7, 0xbdd7, 0xbdd7, 0xbdd7, 0x8c71, 0x2965, 0x0000, 0x0000, 0x0000, 0x0000, 0x0000, 0x2965, 0x5aeb, 0x5aeb, 0x5aeb, 0xbdd7, 0xbdd7, 0x0000, 0x0000, 0xbdd7, 0xbdd7, 0x8c71, 0x5aeb, 0x8c71, 0xbdd7, 0xbdd7, 0x0000, 0x0000, 0xbdd7, 0xbdd7, 0x5aeb, 0x0000, 0x5aeb, 0xbdd7, 0xbdd7, 0x0000, 0x0000, 0xbdd7, 0xbdd7, 0x8c71, 0x5aeb, 0x5aeb, 0x5aeb, 0x2965, 0x0000, 0x0000, 0x0000, 0xbdd7, 
  0xbdd7, 0x0000, 0x0000, 0x0000, 0x0000, 0x0000, 0x0000, 0x8c71, 0xbdd7, 0xbdd7, 0x2965, 0x0000, 0x0000, 0x0000, 0x0000, 0x0000, 0x0000, 0x0000, 0x0000, 0x0000, 0x0000, 0x0000, 0xbdd7, 0xbdd7, 0x0000, 0x0000, 0xbdd7, 0xbdd7, 0x5aeb, 0x0000, 0x5aeb, 0xbdd7, 0xbdd7, 0x0000, 0x0000, 0x8c71, 0xbdd7, 0xbdd7, 0x5aeb, 0xbdd7, 0xbdd7, 0x8c71, 0x0000, 0x0000, 0xbdd7, 0xbdd7, 0x5aeb, 0x0000, 0x0000, 0x0000, 0x0000, 0x0000, 0x0000, 0x0000, 0xbdd7, 
  0xbdd7, 0x0000, 0x0000, 0x0000, 0x0000, 0x0000, 0x0000, 0x0000, 0xbdd7, 0x5aeb, 0x0000, 0x0000, 0x0000, 0x0000, 0x0000, 0x0000, 0x0000, 0xbdd7, 0xbdd7, 0x0000, 0x0000, 0x0000, 0xbdd7, 0xbdd7, 0x0000, 0x0000, 0xbdd7, 0xbdd7, 0x5aeb, 0x0000, 0x5aeb, 0xbdd7, 0xbdd7, 0x0000, 0x0000, 0x2965, 0xbdd7, 0xbdd7, 0xbdd7, 0xbdd7, 0xbdd7, 0x2965, 0x0000, 0x0000, 0xbdd7, 0xbdd7, 0x5aeb, 0x0000, 0x0000, 0x0000, 0x0000, 0x0000, 0x0000, 0x0000, 0xbdd7, 
  0xbdd7, 0x0000, 0x0000, 0x0000, 0x0000, 0x0000, 0x0000, 0x0000, 0xbdd7, 0x2965, 0x0000, 0x0000, 0x0000, 0x0000, 0x0000, 0x0000, 0x0000, 0xbdd7, 0xbdd7, 0x2965, 0x0000, 0x2965, 0xbdd7, 0xbdd7, 0x0000, 0x0000, 0xbdd7, 0xbdd7, 0x5aeb, 0x0000, 0x5aeb, 0xbdd7, 0xbdd7, 0x0000, 0x0000, 0x0000, 0x8c71, 0xbdd7, 0xbdd7, 0xbdd7, 0x8c71, 0x0000, 0x0000, 0x0000, 0xbdd7, 0xbdd7, 0x5aeb, 0x0000, 0x0000, 0x0000, 0x0000, 0x0000, 0x0000, 0x0000, 0xbdd7, 
  0xbdd7, 0x0000, 0x0000, 0x0000, 0x0000, 0x0000, 0x0000, 0x0000, 0x5aeb, 0x0000, 0x0000, 0x0000, 0x0000, 0x0000, 0x0000, 0x0000, 0x0000, 0xbdd7, 0xbdd7, 0xbdd7, 0xbdd7, 0xbdd7, 0xbdd7, 0xbdd7, 0x0000, 0x0000, 0xbdd7, 0xbdd7, 0x5aeb, 0x0000, 0x5aeb, 0xbdd7, 0xbdd7, 0x0000, 0x0000, 0x0000, 0x2965, 0xbdd7, 0xbdd7, 0xbdd7, 0x2965, 0x0000, 0x0000, 0x0000, 0xbdd7, 0xbdd7, 0x8c71, 0x5aeb, 0x5aeb, 0x5aeb, 0x5aeb, 0x0000, 0x0000, 0x0000, 0xbdd7, 
  0xbdd7, 0x0000, 0x0000, 0x0000, 0x0000, 0x0000, 0x0000, 0x0000, 0x2965, 0x0000, 0x0000, 0x0000, 0x0000, 0x0000, 0x0000, 0x0000, 0x0000, 0xbdd7, 0xbdd7, 0xbdd7, 0xbdd7, 0xbdd7, 0xbdd7, 0xbdd7, 0x0000, 0x0000, 0xbdd7, 0xbdd7, 0x5aeb, 0x0000, 0x5aeb, 0xbdd7, 0xbdd7, 0x0000, 0x0000, 0x0000, 0x0000, 0x8c71, 0xbdd7, 0x8c71, 0x0000, 0x0000, 0x0000, 0x0000, 0xbdd7, 0xbdd7, 0xbdd7, 0xbdd7, 0xbdd7, 0xbdd7, 0x5aeb, 0x0000, 0x0000, 0x0000, 0xbdd7, 
  0xbdd7, 0x0000, 0x0000, 0x0000, 0x0000, 0x0000, 0x0000, 0x0000, 0x0000, 0x0000, 0x0000, 0x0000, 0x0000, 0x0000, 0x0000, 0x0000, 0x0000, 0x2965, 0x5aeb, 0x5aeb, 0x5aeb, 0x5aeb, 0x5aeb, 0x2965, 0x0000, 0x0000, 0x5aeb, 0x5aeb, 0x5aeb, 0x0000, 0x5aeb, 0x5aeb, 0x5aeb, 0x0000, 0x0000, 0x0000, 0x0000, 0x2965, 0x5aeb, 0x2965, 0x0000, 0x0000, 0x0000, 0x0000, 0x5aeb, 0x5aeb, 0x5aeb, 0x5aeb, 0x5aeb, 0x5aeb, 0x2965, 0x0000, 0x0000, 0x0000, 0xbdd7, 
  0xbdd7, 0x0000, 0x0000, 0x0000, 0x0000, 0x0000, 0x0000, 0x0000, 0x0000, 0x0000, 0x0000, 0x0000, 0x0000, 0x0000, 0x0000, 0x0000, 0x0000, 0x0000, 0x0000, 0x0000, 0x0000, 0x0000, 0x0000, 0x0000, 0x0000, 0x0000, 0x0000, 0x0000, 0x0000, 0x0000, 0x0000, 0x0000, 0x0000, 0x0000, 0x0000, 0x0000, 0x0000, 0x0000, 0x0000, 0x0000, 0x0000, 0x0000, 0x0000, 0x0000, 0x0000, 0x0000, 0x0000, 0x0000, 0x0000, 0x0000, 0x0000, 0x0000, 0x0000, 0x0000, 0xbdd7, 
  0xbdd7, 0x0000, 0x0000, 0x0000, 0x0000, 0x0000, 0x0000, 0x0000, 0x0000, 0x0000, 0x0000, 0x0000, 0x0000, 0x0000, 0x0000, 0x0000, 0x0000, 0x0000, 0x0000, 0x0000, 0x0000, 0x0000, 0x0000, 0x0000, 0x0000, 0x0000, 0x0000, 0x0000, 0x0000, 0x0000, 0x0000, 0x0000, 0x0000, 0x0000, 0x0000, 0x0000, 0x0000, 0x0000, 0x0000, 0x0000, 0x0000, 0x0000, 0x0000, 0x0000, 0x0000, 0x0000, 0x0000, 0x0000, 0x0000, 0x0000, 0x0000, 0x0000, 0x0000, 0x0000, 0xbdd7, 
  0xbdd7, 0xbdd7, 0xbdd7, 0xbdd7, 0xbdd7, 0xbdd7, 0xbdd7, 0xbdd7, 0xbdd7, 0xbdd7, 0xbdd7, 0xbdd7, 0xbdd7, 0xbdd7, 0xbdd7, 0xbdd7, 0xbdd7, 0xbdd7, 0xbdd7, 0xbdd7, 0xbdd7, 0xbdd7, 0xbdd7, 0xbdd7, 0xbdd7, 0xbdd7, 0xbdd7, 0xbdd7, 0xbdd7, 0xbdd7, 0xbdd7, 0xbdd7, 0xbdd7, 0xbdd7, 0xbdd7, 0xbdd7, 0xbdd7, 0xbdd7, 0xbdd7, 0xbdd7, 0xbdd7, 0xbdd7, 0xbdd7, 0xbdd7, 0xbdd7, 0xbdd7, 0xbdd7, 0xbdd7, 0xbdd7, 0xbdd7, 0xbdd7, 0xbdd7, 0xbdd7, 0xbdd7, 0xbdd7
};

static const unsigned char Gaster_Blaster[] = {

0, 0, 0, 0, 0, 0, 0, 0, 0, 0, 0, 0, 0, 0, 0, 0, 0, 0, 0, 0, 0, 0,
0, 0, 0, 0, 0, 0, 0, 0, 0, 0, 1, 1, 0, 0, 0, 0, 0, 0, 0, 0, 0, 0,
0, 0, 0, 0, 0, 0, 0, 0, 0, 0, 1, 1, 0, 0, 0, 0, 0, 0, 0, 0, 0, 0,
0, 0, 0, 0, 0, 0, 0, 0, 0, 0, 1, 1, 0, 0, 0, 0, 0, 0, 0, 0, 0, 0,
0, 0, 0, 0, 0, 0, 0, 0, 0, 0, 1, 1, 0, 0, 0, 0, 0, 0, 0, 0, 0, 0,
0, 0, 0, 0, 0, 0, 0, 0, 0, 1, 1, 1, 1, 0, 0, 0, 0, 0, 0, 0, 0, 0,
0, 0, 0, 0, 1, 0, 0, 0, 0, 1, 1, 1, 1, 0, 0, 0, 0, 1, 0, 0, 0, 0,
0, 0, 0, 0, 1, 0, 0, 0, 1, 1, 1, 1, 1, 1, 0, 0, 0, 1, 0, 0, 0, 0,
0, 0, 0, 1, 0, 0, 0, 1, 1, 1, 1, 1, 1, 1, 1, 0, 0, 0, 1, 0, 0, 0,
0, 0, 0, 1, 0, 0, 1, 1, 1, 1, 1, 1, 1, 1, 1, 1, 0, 0, 1, 0, 0, 0,
0, 0, 1, 1, 0, 1, 1, 1, 1, 1, 1, 1, 1, 1, 1, 1, 1, 0, 1, 1, 0, 0,
0, 0, 1, 0, 0, 1, 1, 1, 1, 1, 1, 1, 1, 1, 1, 1, 1, 0, 0, 1, 0, 0,
0, 0, 1, 0, 1, 1, 1, 1, 1, 1, 1, 1, 1, 1, 1, 1, 1, 1, 0, 1, 0, 0,
0, 0, 1, 1, 1, 1, 1, 1, 1, 1, 1, 1, 1, 1, 1, 1, 1, 1, 1, 1, 0, 0,
0, 0, 1, 1, 1, 1, 1, 1, 1, 1, 1, 1, 1, 1, 1, 1, 1, 1, 1, 1, 0, 0,
0, 1, 1, 1, 1, 1, 1, 1, 1, 1, 1, 1, 1, 1, 1, 1, 1, 1, 1, 1, 1, 0,
0, 1, 1, 1, 1, 1, 1, 1, 1, 1, 1, 1, 1, 1, 1, 1, 1, 1, 1, 1, 1, 0,
1, 1, 1, 1, 1, 1, 1, 1, 1, 1, 1, 1, 1, 1, 1, 1, 1, 1, 1, 1, 1, 1,
1, 1, 1, 1, 0, 1, 1, 1, 1, 1, 1, 1, 1, 1, 1, 1, 1, 0, 1, 1, 1, 1,
1, 1, 1, 1, 1, 1, 1, 1, 1, 1, 1, 1, 1, 1, 1, 1, 1, 1, 1, 1, 1, 1,
1, 1, 1, 0, 1, 1, 1, 1, 1, 1, 1, 1, 1, 1, 1, 1, 1, 1, 0, 1, 1, 1,
1, 1, 1, 0, 1, 1, 1, 1, 1, 1, 1, 1, 1, 1, 1, 1, 1, 1, 0, 1, 1, 1,
0, 1, 1, 0, 1, 0, 0, 1, 1, 1, 1, 1, 1, 1, 1, 0, 0, 1, 0, 1, 1, 0,
0, 1, 1, 0, 1, 0, 0, 1, 1, 1, 1, 1, 1, 1, 1, 0, 0, 1, 0, 1, 1, 0,
0, 0, 1, 0, 1, 0, 1, 0, 1, 1, 1, 1, 1, 1, 0, 1, 0, 1, 0, 1, 0, 0,
0, 0, 1, 0, 1, 0, 1, 1, 1, 1, 1, 1, 1, 1, 1, 1, 0, 1, 0, 1, 0, 0,
0, 0, 1, 0, 1, 0, 1, 1, 1, 1, 1, 1, 1, 1, 1, 1, 0, 1, 0, 1, 0, 0,
0, 0, 1, 0, 1, 0, 0, 1, 1, 1, 1, 1, 1, 1, 1, 0, 0, 1, 0, 1, 0, 0,
0, 0, 1, 0, 1, 0, 1, 1, 1, 1, 1, 1, 1, 1, 1, 1, 0, 1, 0, 1, 0, 0,
0, 0, 0, 1, 1, 0, 1, 1, 0, 1, 1, 1, 1, 0, 1, 1, 0, 1, 1, 0, 0, 0,
0, 0, 0, 1, 0, 1, 1, 1, 0, 1, 1, 1, 1, 0, 1, 1, 1, 0, 1, 0, 0, 0,
0, 0, 0, 1, 0, 1, 1, 1, 1, 1, 1, 1, 1, 1, 1, 1, 1, 0, 1, 0, 0, 0,
0, 0, 0, 1, 0, 1, 1, 1, 1, 1, 0, 0, 1, 1, 1, 1, 1, 0, 1, 0, 0, 0,
1, 1, 0, 1, 0, 1, 1, 1, 1, 1, 0, 0, 1, 1, 1, 1, 1, 0, 1, 0, 1, 1,
0, 0, 0, 1, 0, 1, 1, 1, 1, 0, 0, 0, 0, 1, 1, 1, 1, 0, 1, 0, 0, 0,
0, 0, 1, 1, 0, 1, 1, 1, 1, 0, 0, 0, 0, 1, 1, 1, 1, 0, 1, 1, 0, 0,
0, 0, 1, 1, 1, 1, 1, 1, 1, 0, 0, 0, 0, 1, 1, 1, 1, 1, 1, 1, 0, 0,
0, 0, 1, 1, 1, 0, 0, 1, 1, 1, 0, 0, 1, 1, 1, 0, 0, 1, 1, 1, 0, 0,
0, 0, 1, 1, 1, 0, 0, 0, 1, 1, 1, 1, 1, 1, 0, 0, 0, 1, 1, 1, 0, 0,
0, 0, 1, 1, 1, 0, 0, 0, 1, 1, 1, 1, 1, 1, 0, 0, 0, 1, 1, 1, 0, 0,
0, 0, 0, 1, 1, 0, 0, 0, 0, 1, 1, 1, 1, 0, 0, 0, 0, 1, 1, 0, 0, 0,
0, 0, 0, 1, 1, 1, 0, 0, 0, 1, 0, 0, 1, 0, 0, 0, 1, 1, 1, 0, 0, 0,
0, 0, 0, 0, 1, 1, 0, 0, 0, 1, 0, 0, 1, 0, 0, 0, 1, 1, 0, 0, 0, 0,
0, 0, 0, 0, 1, 1, 0, 0, 0, 1, 0, 0, 1, 0, 0, 0, 1, 1, 0, 0, 0, 0,
0, 0, 0, 0, 0, 1, 1, 0, 0, 1, 0, 0, 1, 0, 0, 1, 1, 0, 0, 0, 0, 0,
0, 0, 0, 0, 0, 0, 1, 0, 0, 1, 0, 0, 1, 0, 0, 1, 0, 0, 0, 0, 0, 0,
0, 0, 0, 0, 0, 0, 1, 1, 0, 0, 0, 0, 0, 0, 1, 1, 0, 0, 0, 0, 0, 0,
0, 0, 0, 0, 0, 0, 0, 1, 1, 0, 1, 1, 0, 1, 1, 0, 0, 0, 0, 0, 0, 0,
0, 0, 0, 0, 0, 0, 0, 1, 1, 0, 1, 1, 0, 1, 1, 0, 0, 0, 0, 0, 0, 0,
0, 0, 0, 0, 0, 0, 0, 1, 1, 1, 1, 1, 1, 1, 1, 0, 0, 0, 0, 0, 0, 0,
0, 0, 0, 0, 0, 0, 0, 0, 1, 1, 1, 1, 1, 1, 0, 0, 0, 0, 0, 0, 0, 0,
0, 0, 0, 0, 0, 0, 0, 0, 1, 1, 1, 1, 1, 1, 0, 0, 0, 0, 0, 0, 0, 0,
0, 0, 0, 0, 0, 0, 0, 0, 1, 1, 1, 1, 1, 1, 0, 0, 0, 0, 0, 0, 0, 0,
0, 0, 0, 0, 0, 0, 0, 0, 1, 1, 1, 1, 1, 1, 0, 0, 0, 0, 0, 0, 0, 0,
0, 0, 0, 0, 0, 0, 0, 0, 0, 1, 1, 1, 1, 0, 0, 0, 0, 0, 0, 0, 0, 0,
0, 0, 0, 0, 0, 0, 0, 0, 0, 0, 0, 0, 0, 0, 0, 0, 0, 0, 0, 0, 0, 0
}; 

#define SANS1_HEIGHT 47
#define SANS1_WIDTH 53

static const short int SANS1[]  = {
  0xc43f, 0xc43f, 0xc43f, 0xc43f, 0xc43f, 0xc43f, 0xc43f, 0xc43f, 0xa39a, 0x0000, 0x0000, 0x0000, 0x0000, 0x0000, 0x0000, 0x0000, 0x0000, 0x0000, 0x0000, 0x0000, 0x0000, 0x0000, 0x0000, 0x0000, 0x0000, 0x0000, 0x0000, 0x0000, 0x0000, 0x0000, 0x0000, 0x0000, 0x0000, 0x0000, 0x0000, 0x0000, 0x0000, 0x0000, 0x0000, 0x0000, 0x0000, 0xce59, 0xffff, 0xffff, 0x2945, 0xa39b, 0xc43f, 0xc43f, 0xc43f, 0xc43f, 0xc43f, 0xc43f, 0xc43f, 
  0xc43f, 0xc43f, 0xc43f, 0xc43f, 0xc43f, 0xc43f, 0xc43f, 0xa39a, 0x3186, 0xffff, 0xffff, 0xce59, 0x0020, 0x0000, 0x0000, 0x0000, 0x0000, 0x0000, 0x0000, 0x0000, 0x0000, 0x0000, 0x0000, 0x0000, 0x0000, 0x0000, 0x0000, 0x0000, 0x0000, 0x0000, 0x0000, 0x0000, 0x0000, 0x0000, 0x0000, 0x0000, 0x0000, 0x0000, 0x0000, 0x0020, 0xc638, 0xffff, 0xffff, 0xffdf, 0xf7be, 0x2925, 0xabbc, 0xc43f, 0xc43f, 0xc43f, 0xc43f, 0xc43f, 0xc43f, 
  0xc43f, 0xc43f, 0xc43f, 0xc43f, 0xc43f, 0xc43f, 0xabbc, 0x2124, 0xffff, 0xffff, 0xffff, 0xffff, 0xc638, 0x0841, 0x0000, 0x0000, 0x0000, 0x0000, 0x0000, 0x0000, 0x0000, 0x0000, 0x0000, 0x0000, 0x0000, 0x0000, 0x0000, 0x0000, 0x0000, 0x0000, 0x0000, 0x0000, 0x0000, 0x0000, 0x0000, 0x0000, 0x0000, 0x0000, 0x0841, 0xc618, 0xffff, 0xffff, 0xf7be, 0x2945, 0x0861, 0xa37a, 0xc43f, 0xc43f, 0xc43f, 0xc43f, 0xc43f, 0xc43f, 0xc43f, 
  0xc43f, 0xc43f, 0xc43f, 0xc43f, 0xc43f, 0xc43f, 0xa37a, 0x3186, 0xef7d, 0xef7d, 0xf79e, 0xffff, 0xffff, 0xc618, 0x1082, 0x0861, 0x0000, 0x0000, 0x0000, 0x0000, 0x0000, 0x0000, 0x0000, 0x0000, 0x0000, 0x0000, 0x0000, 0x0000, 0x0000, 0x0000, 0x0000, 0x0000, 0x0000, 0x0000, 0x0000, 0x0000, 0x0000, 0x0000, 0xbdd7, 0xffff, 0xffff, 0xf79e, 0x2965, 0x0000, 0xc638, 0x3186, 0xa37a, 0xc43f, 0xc43f, 0xc43f, 0xc43f, 0xc43f, 0xc43f, 
  0xc43f, 0xc43f, 0xc43f, 0xc43f, 0xc43f, 0xb3dc, 0x2926, 0xc638, 0x0000, 0x0000, 0x2965, 0xe73c, 0xe73c, 0xef7d, 0xffff, 0xbdf7, 0x1082, 0x0000, 0x0000, 0x0000, 0x0000, 0x0000, 0x0000, 0x0000, 0x0000, 0x0000, 0x0000, 0x0000, 0x0000, 0x0000, 0x0000, 0x0000, 0x0000, 0x0000, 0x0000, 0x0000, 0x0000, 0x1082, 0xc618, 0xffff, 0xef7d, 0x3186, 0x0000, 0x0000, 0x0000, 0xdedb, 0x31a6, 0xa37a, 0xc43f, 0xc43f, 0xc43f, 0xc43f, 0xc43f, 
  0xc43f, 0xc43f, 0xc43f, 0xc43f, 0xc43f, 0xc43f, 0x9358, 0x0000, 0x0000, 0x0000, 0x0000, 0x0000, 0x0000, 0x39c7, 0xef5d, 0xffff, 0xbdd7, 0x10a2, 0x0000, 0x0000, 0x0000, 0x0000, 0x0861, 0x1082, 0x0000, 0x0000, 0x0000, 0x0000, 0x1082, 0x0861, 0x0000, 0x0000, 0x0000, 0x0000, 0x0000, 0x10a2, 0x18e3, 0xbdf7, 0xffff, 0xef5d, 0x31a6, 0x0000, 0x0000, 0x0000, 0x0000, 0xc618, 0xffdf, 0x31a6, 0xa37a, 0xc43f, 0xc43f, 0xc43f, 0xc43f, 
  0xc43f, 0xc43f, 0xc43f, 0xc43f, 0xc43f, 0x9b59, 0x18e3, 0x0000, 0x0000, 0x0000, 0x0000, 0x0000, 0x0000, 0x0000, 0x39e7, 0xdefb, 0xe73c, 0xb5b6, 0x2104, 0x10a2, 0x0000, 0x0000, 0x6b6d, 0x9cf3, 0x2104, 0x2104, 0x2104, 0x2104, 0x9cd3, 0x738e, 0x0000, 0x0000, 0x0000, 0x0000, 0x10a2, 0xb5b6, 0xffff, 0xffff, 0xe73c, 0x39c7, 0x0000, 0x0000, 0x18e3, 0x0020, 0x0000, 0x0000, 0xc618, 0xffdf, 0x10a2, 0xb3fd, 0xc43f, 0xc43f, 0xc43f, 
  0xc43f, 0xc43f, 0xc43f, 0xc43f, 0x9b58, 0x39c7, 0xbdf7, 0x0000, 0x0000, 0x0000, 0x0841, 0x2104, 0x0000, 0x0000, 0x0000, 0x0000, 0x4208, 0xe73c, 0xffff, 0xb596, 0x2945, 0x18c3, 0x5acb, 0xef5d, 0xffff, 0xffff, 0xffff, 0xffff, 0xef5d, 0x5aeb, 0x0000, 0x18c3, 0x2945, 0x2945, 0xb5b6, 0xe73c, 0xd6ba, 0xd6ba, 0x39c7, 0x0000, 0x0000, 0x2104, 0xb5b6, 0x2124, 0x0000, 0x0000, 0x0000, 0xc618, 0x39c7, 0x9b79, 0xc43f, 0xc43f, 0xc43f, 
  0xc43f, 0xc43f, 0xc43f, 0x9b58, 0x39e7, 0xbdd7, 0x0000, 0x0000, 0x0000, 0x0000, 0x3186, 0xc638, 0x0000, 0x0000, 0x0000, 0x0000, 0x0000, 0x52aa, 0xef7d, 0xd69a, 0xe71c, 0xad55, 0x18c3, 0x5aeb, 0xe73c, 0xffff, 0xffff, 0xffff, 0x73ae, 0x18c3, 0x2965, 0xad55, 0xffff, 0xe71c, 0xd69a, 0x4228, 0x0000, 0x0000, 0x0000, 0x0000, 0x0000, 0xc638, 0x3186, 0x0000, 0x0000, 0x0000, 0x0000, 0x0000, 0xef5d, 0x39e7, 0x9b59, 0xc43f, 0xc43f, 
  0xc43f, 0xc43f, 0x9358, 0x39e7, 0xbdd7, 0x0000, 0x0000, 0x0000, 0x0000, 0x0000, 0x3186, 0xc638, 0x0000, 0x0000, 0x0000, 0x0000, 0x0000, 0x52aa, 0xa534, 0x0000, 0x630c, 0xef5d, 0x73ae, 0x0000, 0x5aeb, 0xce59, 0xce59, 0xce59, 0x5aeb, 0x738e, 0xef5d, 0xe71c, 0xef5d, 0x5aeb, 0x0000, 0x0000, 0x0000, 0x0000, 0x0000, 0x0000, 0x0000, 0xc638, 0x3186, 0x0000, 0x0000, 0x0000, 0x0000, 0x0000, 0xbdd7, 0xffff, 0x39e7, 0x9b58, 0xc43f, 
  0xc43f, 0xbc1f, 0x0861, 0xef7d, 0x0000, 0x0000, 0x0000, 0x0000, 0x0000, 0x0000, 0x3186, 0xc638, 0x0000, 0x0000, 0x0000, 0x0000, 0x0000, 0x52aa, 0xa534, 0x0000, 0x630c, 0x94b2, 0x0000, 0x18c3, 0x39c7, 0x39c7, 0x39c7, 0x18c3, 0x0000, 0x0000, 0x9492, 0x6b4d, 0x9cf3, 0x5aeb, 0x0000, 0x0000, 0x0000, 0x0000, 0x0000, 0x0000, 0x2945, 0xd6ba, 0x3186, 0x0000, 0x0000, 0x0000, 0x0000, 0x0000, 0x0000, 0xbdd7, 0xffff, 0x0020, 0xc43f, 
  0xc43f, 0x9337, 0x4228, 0xb596, 0x0000, 0x0000, 0x0000, 0x0000, 0x0000, 0x0000, 0x3186, 0xc638, 0x0000, 0x0000, 0x0000, 0x0000, 0x0000, 0x52aa, 0xbdf7, 0x39e7, 0x8c51, 0x94b2, 0x0000, 0x738e, 0xffff, 0xffff, 0xffff, 0x9cd3, 0x18e3, 0x2104, 0xad75, 0x8c71, 0xb5b6, 0x5aeb, 0x0000, 0x0000, 0x0000, 0x0000, 0x0000, 0x2965, 0xd69a, 0xffff, 0x3186, 0x0000, 0x0000, 0x0000, 0x0000, 0x0000, 0x0000, 0x0000, 0xf79e, 0x4228, 0x9337, 
  0xc43f, 0x0020, 0xf79e, 0x0000, 0x0000, 0x0000, 0x0000, 0x0000, 0x0000, 0x0000, 0x3186, 0xd6ba, 0x31a6, 0x1082, 0x4228, 0x4228, 0x4228, 0x8410, 0xe73c, 0xbdd7, 0xd6ba, 0x94b2, 0x0000, 0x738e, 0xffff, 0xffff, 0xffff, 0xffff, 0x73ae, 0x8c71, 0xffff, 0xd6ba, 0xe73c, 0x5aeb, 0x0000, 0x0000, 0x0000, 0x3186, 0x4228, 0xce79, 0xce59, 0xf79e, 0x3186, 0x0000, 0x0000, 0x0000, 0x0000, 0x0000, 0x0000, 0x0000, 0xf79e, 0xffff, 0x0000, 
  0x8af6, 0x4a69, 0xf79e, 0x0000, 0x0000, 0x0000, 0x0000, 0x0000, 0x0000, 0x0000, 0x3186, 0xffff, 0xd6ba, 0x632c, 0xb5b6, 0xb5b6, 0xb5b6, 0xb5b6, 0x9492, 0x2965, 0x4228, 0x8c51, 0x2945, 0x738e, 0xffff, 0xffff, 0xffff, 0xffff, 0x73ae, 0x8c71, 0xd6ba, 0x4a49, 0x9cf3, 0x5aeb, 0x0000, 0x3186, 0x4a49, 0xce59, 0xce59, 0xb5b6, 0x2945, 0xc638, 0x3186, 0x0000, 0x0000, 0x0000, 0x0000, 0x0000, 0x0000, 0x0000, 0xad75, 0xffff, 0x0000, 
  0x0000, 0xffff, 0xf79e, 0x0000, 0x0000, 0x0000, 0x0000, 0x0000, 0x0000, 0x0000, 0x3186, 0xef7d, 0xb596, 0x8430, 0x0000, 0x0000, 0x0000, 0x0000, 0x5acb, 0xa514, 0x18e3, 0x94b2, 0x9492, 0x738e, 0xffff, 0xffff, 0xffff, 0xffff, 0x73ae, 0x8c71, 0x9cd3, 0x4a69, 0xbdd7, 0x5aeb, 0x3186, 0x9492, 0xb596, 0xb596, 0x3186, 0x0000, 0x0000, 0xc638, 0x738e, 0x0861, 0x0000, 0x0000, 0x0000, 0x0000, 0x0000, 0x0000, 0x0000, 0xffdf, 0x0000, 
  0x0000, 0xffff, 0xf79e, 0x0000, 0x0000, 0x0000, 0x0000, 0x0000, 0x0000, 0x0861, 0x632c, 0x8430, 0x0000, 0x0000, 0x0000, 0x0000, 0x0000, 0x0000, 0x5acb, 0xc618, 0x73ae, 0xce79, 0x9492, 0x738e, 0xffff, 0xffff, 0xffff, 0xffff, 0x73ae, 0x8c71, 0xce79, 0xad55, 0xdefb, 0x5aeb, 0xa534, 0x52aa, 0x0000, 0x0000, 0x0000, 0x0000, 0x0000, 0x8430, 0xef7d, 0x2965, 0x0000, 0x0000, 0x0000, 0x0000, 0x0000, 0x0000, 0x0000, 0xffdf, 0x0000, 
  0x418b, 0xad55, 0xf7be, 0x52aa, 0x0000, 0x0000, 0x0000, 0x0000, 0x0000, 0x2965, 0xce79, 0x0000, 0x0000, 0x0000, 0x0000, 0x0000, 0x0000, 0x0000, 0x5acb, 0xdefb, 0x632c, 0x6b4d, 0x9492, 0x738e, 0xffff, 0xffff, 0xffff, 0xffff, 0x73ae, 0x8c71, 0x6b6d, 0x0000, 0x9cf3, 0x5aeb, 0xa534, 0x52aa, 0x0000, 0x0000, 0x0000, 0x0000, 0x0000, 0x0000, 0xce79, 0x2965, 0x0000, 0x0000, 0x0000, 0x0000, 0x0000, 0x0000, 0x0000, 0xffdf, 0x0000, 
  0xc43f, 0x49ac, 0xa534, 0xf7be, 0x52aa, 0x0000, 0x0000, 0x0000, 0x0000, 0x2965, 0xce79, 0x0000, 0x0000, 0x0000, 0x0000, 0x0000, 0x0000, 0x0000, 0x5acb, 0xa514, 0x2124, 0xa514, 0x9492, 0x738e, 0xffff, 0xffff, 0xffff, 0xffff, 0x73ae, 0x8c71, 0xa514, 0x5aeb, 0x8430, 0x73ae, 0x8c51, 0x31a6, 0x0000, 0x0000, 0x0000, 0x0000, 0x0000, 0x0000, 0xce79, 0x2965, 0x0000, 0x0000, 0x0000, 0x0000, 0x0000, 0x0000, 0x5acb, 0xffdf, 0x0000, 
  0xc43f, 0xc43f, 0x51cc, 0xa514, 0xf79e, 0x5acb, 0x0000, 0x0000, 0x0000, 0x2965, 0xce79, 0x0000, 0x0000, 0x0000, 0x0000, 0x0000, 0x0000, 0x0000, 0x31a6, 0x8430, 0x7bcf, 0xc618, 0x9492, 0x738e, 0xffff, 0xffff, 0xffff, 0xffff, 0x73ae, 0x8c71, 0xc638, 0xd6ba, 0x630c, 0xa514, 0x5acb, 0x0000, 0x0000, 0x0000, 0x0000, 0x0000, 0x0000, 0x0000, 0xce79, 0x2965, 0x0000, 0x0000, 0x0000, 0x0000, 0x0000, 0x5aeb, 0xffdf, 0x9cf3, 0x49ac, 
  0xc43f, 0xc43f, 0xbc1f, 0x51ed, 0x9cf3, 0xef7d, 0x6b4d, 0x5acb, 0x0000, 0x2965, 0xce79, 0x0000, 0x0000, 0x0000, 0x0000, 0x0000, 0x0000, 0x0000, 0x0000, 0x5aeb, 0x9cf3, 0x6b4d, 0x9492, 0x738e, 0xffff, 0xffff, 0xffff, 0xffff, 0x73ae, 0x8c71, 0x6b6d, 0x94b2, 0xa514, 0x8430, 0x31a6, 0x0000, 0x0000, 0x0000, 0x0000, 0x0000, 0x0000, 0x0000, 0xce79, 0x2965, 0x0000, 0x0000, 0x0000, 0x0000, 0x630c, 0xf7be, 0x9cd3, 0x51cd, 0xc43f, 
  0xc43f, 0xc43f, 0xc43f, 0xbc1e, 0x5a0e, 0x9cd3, 0xffff, 0xdedb, 0x0000, 0x2965, 0xce79, 0x0000, 0x0000, 0x0000, 0x0000, 0x0000, 0x0000, 0x0000, 0x0000, 0x5aeb, 0x9cf3, 0x6b4d, 0x9492, 0x4208, 0x8c71, 0x8c71, 0x8c71, 0x8c71, 0x4208, 0x8c71, 0x6b6d, 0x94b2, 0xbdd7, 0x31a6, 0x0000, 0x0000, 0x0000, 0x0000, 0x0000, 0x0000, 0x0000, 0x52aa, 0xe71c, 0x2965, 0x0000, 0x0000, 0x0000, 0x632c, 0xf79e, 0x94b2, 0x59ee, 0xc43f, 0xc43f, 
  0xc43f, 0xc43f, 0xc43f, 0xc43f, 0xbc1e, 0x5a2e, 0x9cd3, 0xdedb, 0x0000, 0x2965, 0xe71c, 0x73ae, 0x5acb, 0x0000, 0x0000, 0x0000, 0x0000, 0x0000, 0x0000, 0x5aeb, 0xce59, 0xad75, 0xc638, 0x73ae, 0x73ae, 0x73ae, 0x73ae, 0x73ae, 0x73ae, 0xc618, 0xad75, 0xc638, 0x630c, 0x0000, 0x0000, 0x0000, 0x0000, 0x0000, 0x0000, 0x0000, 0x5acb, 0xe71c, 0xffff, 0x2965, 0x630c, 0x73ae, 0x73ae, 0x8c51, 0x8c51, 0x5a0e, 0xbc1f, 0xc43f, 0xc43f, 
  0xc43f, 0xc43f, 0xc43f, 0xc43f, 0xc43f, 0xbbfe, 0x624f, 0x738e, 0x10a2, 0x9492, 0xffff, 0xffff, 0xe71c, 0x5acb, 0x0000, 0x0000, 0x0000, 0x0000, 0x0000, 0x5aeb, 0xffff, 0xffff, 0xffff, 0xffff, 0xc638, 0x8430, 0x8430, 0x8430, 0x8430, 0x8430, 0xce59, 0xffff, 0xad75, 0x7bcf, 0x7bcf, 0x7bcf, 0x7bcf, 0x7bcf, 0x7bcf, 0x7bcf, 0xe71c, 0xffff, 0x9cf3, 0x18c3, 0xd6ba, 0xffff, 0x9492, 0x624f, 0x5a0f, 0xbc1e, 0xc43f, 0xc43f, 0xc43f, 
  0xc43f, 0xc43f, 0xc43f, 0xc43f, 0xc43f, 0xc43f, 0xb3fe, 0x6210, 0x6270, 0x8410, 0x9cd3, 0xffff, 0xffff, 0xdefb, 0x8410, 0x8410, 0x8410, 0x8410, 0x8410, 0x8410, 0x8410, 0x8410, 0x8410, 0x8410, 0x4228, 0x0000, 0x0000, 0x0000, 0x0000, 0x0000, 0x4a49, 0x8410, 0x8410, 0x8410, 0x8410, 0x8410, 0x8410, 0x8410, 0x8410, 0x8410, 0xe71c, 0xffff, 0x3186, 0x51ad, 0x7bb0, 0x8410, 0x6250, 0xbbfe, 0xc43f, 0xc43f, 0xc43f, 0xc43f, 0xc43f, 
  0xc43f, 0xc43f, 0xc43f, 0xc43f, 0xc43f, 0xc43f, 0xc43f, 0xc43f, 0xb3fd, 0x6230, 0x6a90, 0x7bcf, 0x7bcf, 0x7bcf, 0x7bcf, 0x7bcf, 0x7bcf, 0x7bcf, 0x7bcf, 0x4a69, 0x0000, 0x0000, 0x0000, 0x0000, 0x0000, 0x0000, 0x0000, 0x0000, 0x0000, 0x0000, 0x0000, 0x0000, 0x0000, 0x0000, 0x0000, 0x0000, 0x0000, 0x0000, 0x0000, 0x0000, 0x5aeb, 0x7bcf, 0x6a90, 0xb3dd, 0x7293, 0x6230, 0xbbfe, 0xc43f, 0xc43f, 0xc43f, 0xc43f, 0xc43f, 0xc43f, 
  0xc43f, 0xc43f, 0xc43f, 0xc43f, 0xc43f, 0xc43f, 0xc43f, 0xc43f, 0xc43f, 0xc43f, 0xb3dd, 0x51cd, 0x0000, 0x0000, 0x0000, 0x0000, 0x0000, 0x0000, 0x0000, 0x0000, 0x0000, 0x0000, 0x0000, 0x0000, 0x0000, 0x0000, 0x0000, 0x0000, 0x0000, 0x0000, 0x0000, 0x0000, 0x0000, 0x5acb, 0x8c51, 0x2965, 0x0000, 0x0000, 0x0000, 0x0000, 0x6b4d, 0x18e3, 0x9b59, 0xc43f, 0xc43f, 0xc43f, 0xc43f, 0xc43f, 0xc43f, 0xc43f, 0xc43f, 0xc43f, 0xc43f, 
  0xc43f, 0xc43f, 0xc43f, 0xc43f, 0xc43f, 0xc43f, 0xc43f, 0xc43f, 0xc43f, 0xc43f, 0xabbc, 0x626e, 0x6b6d, 0x0000, 0x2124, 0x8c71, 0x630c, 0x0000, 0x0000, 0x0000, 0x0000, 0x0000, 0x0000, 0x0000, 0x0000, 0x0000, 0x0000, 0x0000, 0x0000, 0x0000, 0x0000, 0x0000, 0x0000, 0xa514, 0xffff, 0x52aa, 0x0000, 0x0000, 0x0000, 0x0000, 0xc618, 0x39c7, 0x9b59, 0xc43f, 0xc43f, 0xc43f, 0xc43f, 0xc43f, 0xc43f, 0xc43f, 0xc43f, 0xc43f, 0xc43f, 
  0xc43f, 0xc43f, 0xc43f, 0xc43f, 0xc43f, 0xc43f, 0xc43f, 0xc43f, 0xc43f, 0xabdc, 0x5a4e, 0x8c71, 0x528a, 0x0000, 0x4228, 0xffff, 0xad75, 0x0000, 0x0000, 0x0000, 0x0000, 0x0000, 0x0000, 0x0000, 0x0000, 0x0000, 0x0000, 0x0000, 0x0000, 0x0000, 0x0000, 0x0000, 0x0000, 0xa514, 0xffff, 0x52aa, 0x0000, 0x0000, 0x0000, 0x0000, 0x528a, 0x8c71, 0x5a4e, 0xabdc, 0xc43f, 0xc43f, 0xc43f, 0xc43f, 0xc43f, 0xc43f, 0xc43f, 0xc43f, 0xc43f, 
  0xc43f, 0xc43f, 0xc43f, 0xc43f, 0xc43f, 0xc43f, 0xc43f, 0xc43f, 0xc43f, 0xa37a, 0x3186, 0xc638, 0x0000, 0x2124, 0xb5b6, 0xd69a, 0x4228, 0x0000, 0x0000, 0x0000, 0x0000, 0x0000, 0x0000, 0x0000, 0x0000, 0x4a49, 0x4a69, 0x0000, 0x0000, 0x0000, 0x0000, 0x0000, 0x0000, 0xa514, 0xffff, 0x52aa, 0x0000, 0x0000, 0x0000, 0x0000, 0x0000, 0xc638, 0x3186, 0xa37a, 0xc43f, 0xc43f, 0xc43f, 0xc43f, 0xc43f, 0xc43f, 0xc43f, 0xc43f, 0xc43f, 
  0xc43f, 0xc43f, 0xc43f, 0xc43f, 0xc43f, 0xc43f, 0xc43f, 0xc43f, 0xc43f, 0xa37a, 0x3186, 0xc638, 0x0000, 0x4208, 0xffff, 0xb5b6, 0x0000, 0x0000, 0x0000, 0x0000, 0x0000, 0x0000, 0x0000, 0x0000, 0x4a49, 0x8410, 0x8410, 0x4a69, 0x0000, 0x0000, 0x0000, 0x0000, 0x0000, 0xa514, 0xffff, 0x52aa, 0x0000, 0x0000, 0x0000, 0x0000, 0x0000, 0xc638, 0x3186, 0xa37a, 0xc43f, 0xc43f, 0xc43f, 0xc43f, 0xc43f, 0xc43f, 0xc43f, 0xc43f, 0xc43f, 
  0xc43f, 0xc43f, 0xc43f, 0xc43f, 0xc43f, 0xc43f, 0xc43f, 0xc43f, 0xc43f, 0xa37a, 0x3186, 0xc638, 0x0000, 0x4208, 0xffff, 0xb5b6, 0x0000, 0x0000, 0x0000, 0x0000, 0x0000, 0x0000, 0x0000, 0x0000, 0x73ae, 0x8430, 0x8410, 0x7bcf, 0x0000, 0x0000, 0x0000, 0x0000, 0x0000, 0xa514, 0xffff, 0xc618, 0x31a6, 0x0000, 0x0000, 0x0000, 0x0000, 0xc638, 0x3186, 0xa37a, 0xc43f, 0xc43f, 0xc43f, 0xc43f, 0xc43f, 0xc43f, 0xc43f, 0xc43f, 0xc43f, 
  0xc43f, 0xc43f, 0xc43f, 0xc43f, 0xc43f, 0xc43f, 0xc43f, 0xc43f, 0xc43f, 0xa37a, 0x3186, 0xc638, 0x0000, 0x4208, 0xffff, 0xb5b6, 0x0000, 0x0000, 0x0000, 0x0000, 0x0000, 0x0000, 0x0000, 0x0000, 0x73ae, 0x8430, 0x8410, 0x7bcf, 0x0000, 0x0000, 0x0000, 0x0000, 0x0000, 0xa514, 0xffff, 0xffff, 0x528a, 0x0000, 0x0000, 0x0000, 0x0000, 0x4208, 0x9cd3, 0x520c, 0xabdc, 0xc43f, 0xc43f, 0xc43f, 0xc43f, 0xc43f, 0xc43f, 0xc43f, 0xc43f, 
  0xc43f, 0xc43f, 0xc43f, 0xc43f, 0xc43f, 0xc43f, 0xc43f, 0xc43f, 0xabbc, 0x520c, 0x9cf3, 0x39e7, 0x2945, 0xc638, 0xce79, 0x39c7, 0x0000, 0x0000, 0x0000, 0x0000, 0x0000, 0x0000, 0x0000, 0x0000, 0x73ae, 0x8430, 0x2124, 0x8410, 0x528a, 0x0000, 0x0000, 0x0000, 0x0000, 0xa514, 0xffff, 0xffff, 0x528a, 0x0000, 0x0000, 0x0000, 0x0000, 0x0000, 0xce79, 0x2965, 0xa39a, 0xc43f, 0xc43f, 0xc43f, 0xc43f, 0xc43f, 0xc43f, 0xc43f, 0xc43f, 
  0xc43f, 0xc43f, 0xc43f, 0xc43f, 0xc43f, 0xc43f, 0xc43f, 0xc43f, 0xa39a, 0x2965, 0xce79, 0x0000, 0x39e7, 0xffff, 0xbdd7, 0x0000, 0x0000, 0x0000, 0x0000, 0x0000, 0x0000, 0x0000, 0x0000, 0x528a, 0xd6ba, 0x8430, 0x0000, 0x8430, 0x73ae, 0x0000, 0x0000, 0x0000, 0x0000, 0xa514, 0xffff, 0xffff, 0x528a, 0x0000, 0x0000, 0x0000, 0x0000, 0x0000, 0xce79, 0x2965, 0xa39a, 0xc43f, 0xc43f, 0xc43f, 0xc43f, 0xc43f, 0xc43f, 0xc43f, 0xc43f, 
  0xc43f, 0xc43f, 0xc43f, 0xc43f, 0xc43f, 0xc43f, 0xc43f, 0xc43f, 0xa39a, 0x2965, 0xce79, 0x0000, 0x39e7, 0xffff, 0xbdd7, 0x0000, 0x0000, 0x0000, 0x0000, 0x0000, 0x0000, 0x0000, 0x0000, 0x738e, 0xad55, 0x6a8f, 0x498b, 0x8430, 0x73ae, 0x0000, 0x0000, 0x0000, 0x0000, 0x2945, 0xbdf7, 0xffff, 0x528a, 0x0000, 0x0000, 0x0000, 0x0000, 0x0000, 0xce79, 0x2965, 0xa39a, 0xc43f, 0xc43f, 0xc43f, 0xc43f, 0xc43f, 0xc43f, 0xc43f, 0xc43f, 
  0xc43f, 0xc43f, 0xc43f, 0xc43f, 0xc43f, 0xc43f, 0xc43f, 0xc43f, 0xa39a, 0x2965, 0xce79, 0x0000, 0x39e7, 0xffff, 0xbdd7, 0x0000, 0x0000, 0x0000, 0x0000, 0x0000, 0x0000, 0x0000, 0x0000, 0x738e, 0x8c51, 0x5a0f, 0x6210, 0x8430, 0x73ae, 0x0000, 0x0000, 0x0000, 0x0000, 0x0000, 0xa534, 0xffff, 0x528a, 0x0000, 0x0000, 0x0000, 0x0000, 0x0000, 0xce79, 0x2965, 0xa39a, 0xc43f, 0xc43f, 0xc43f, 0xc43f, 0xc43f, 0xc43f, 0xc43f, 0xc43f, 
  0xc43f, 0xc43f, 0xc43f, 0xc43f, 0xc43f, 0xc43f, 0xc43f, 0xc43f, 0xa39a, 0x2965, 0xce79, 0x0000, 0x39e7, 0xffff, 0xbdd7, 0x0000, 0x0000, 0x0000, 0x0000, 0x0000, 0x0000, 0x0000, 0x0000, 0x738e, 0x8c51, 0x5a0f, 0x6210, 0x8430, 0x73ae, 0x0000, 0x0000, 0x0000, 0x0000, 0x0000, 0xa534, 0xffff, 0x528a, 0x0000, 0x0000, 0x0000, 0x0000, 0x0000, 0xce79, 0x2965, 0xa39a, 0xc43f, 0xc43f, 0xc43f, 0xc43f, 0xc43f, 0xc43f, 0xc43f, 0xc43f, 
  0xc43f, 0xc43f, 0xc43f, 0xc43f, 0xc43f, 0xc43f, 0xc43f, 0xc43f, 0xa39a, 0x2965, 0xf7be, 0xce59, 0xd6ba, 0xffff, 0xbdd7, 0x0000, 0x0000, 0x0000, 0x0000, 0x0000, 0x0000, 0x0000, 0x0000, 0x738e, 0x8c51, 0x5a0f, 0x6210, 0x8430, 0x73ae, 0x0000, 0x0000, 0x0000, 0x0000, 0x0000, 0xa534, 0xffff, 0xdedb, 0x39e7, 0x0000, 0x9cd3, 0xce59, 0xce59, 0xf7be, 0x2965, 0xa39a, 0xc43f, 0xc43f, 0xc43f, 0xc43f, 0xc43f, 0xc43f, 0xc43f, 0xc43f, 
  0xc43f, 0xc43f, 0xc43f, 0xc43f, 0xc43f, 0xc43f, 0xc43f, 0xc43f, 0xbc1f, 0x8b16, 0x2965, 0x2965, 0x2965, 0x2965, 0x5acb, 0xd69a, 0xd69a, 0xd69a, 0xd69a, 0xd69a, 0xd69a, 0xd69a, 0xd69a, 0x8c51, 0x624f, 0xb3dc, 0xb3dd, 0x626f, 0x8430, 0xd69a, 0xd69a, 0xd69a, 0xd69a, 0xd69a, 0xef7d, 0xffff, 0xffff, 0xdefb, 0xd69a, 0x52aa, 0x2965, 0x2965, 0x2965, 0x8b16, 0xbc1f, 0xc43f, 0xc43f, 0xc43f, 0xc43f, 0xc43f, 0xc43f, 0xc43f, 0xc43f, 
  0xc43f, 0xc43f, 0xc43f, 0xc43f, 0xc43f, 0xc43f, 0xc43f, 0xc43f, 0xc43f, 0xbc1f, 0xa39a, 0xa39a, 0xa39a, 0xa39a, 0x82f4, 0x2945, 0x2945, 0x2945, 0x2945, 0x2945, 0x2945, 0x2945, 0x2945, 0x624e, 0xb3dd, 0xc43f, 0xc43f, 0xb3dd, 0x624f, 0x2945, 0x2945, 0x2945, 0x2945, 0x2945, 0x2945, 0x2945, 0x2945, 0x2945, 0x2945, 0x82f5, 0xa39a, 0xa39a, 0xa39a, 0xbc1f, 0xc43f, 0xc43f, 0xc43f, 0xc43f, 0xc43f, 0xc43f, 0xc43f, 0xc43f, 0xc43f, 
  0xc43f, 0xc43f, 0xc43f, 0xc43f, 0xc43f, 0xc43f, 0xc43f, 0xc43f, 0xab9b, 0x1884, 0x1884, 0x1884, 0x416a, 0xc43f, 0x8b17, 0x0000, 0x0000, 0x0000, 0x3949, 0xabbb, 0xabbb, 0xabbb, 0xabbb, 0xb3fd, 0xc43f, 0xc43f, 0xc43f, 0xc43f, 0xb3fd, 0xabbb, 0xabbb, 0x416b, 0x8430, 0x528a, 0x0000, 0x0000, 0x0000, 0x0000, 0x0000, 0x9337, 0xc43f, 0xc43f, 0x3949, 0x1884, 0x1884, 0xabbc, 0xc43f, 0xc43f, 0xc43f, 0xc43f, 0xc43f, 0xc43f, 0xc43f, 
  0xc43f, 0xc43f, 0xc43f, 0xc43f, 0xc43f, 0xc43f, 0xc43f, 0xabbb, 0x3187, 0xe71c, 0xe71c, 0xe71c, 0xb596, 0x1083, 0x4a4a, 0xe71c, 0xe71c, 0xe71c, 0x9cd3, 0x51ce, 0xc43f, 0xc43f, 0xc43f, 0xc43f, 0xc43f, 0xc43f, 0xc43f, 0xc43f, 0xc43f, 0xc43f, 0xc43f, 0x49ad, 0x9cf3, 0xef7d, 0xe71c, 0xe71c, 0xe71c, 0xe71c, 0xe71c, 0x4a29, 0x1083, 0x1083, 0xbdb7, 0xe71c, 0xe71c, 0x3167, 0x1083, 0xb3dc, 0xc43f, 0xc43f, 0xc43f, 0xc43f, 0xc43f, 
  0xc43f, 0xc43f, 0xc43f, 0xc43f, 0xc43f, 0xc43f, 0xabbc, 0x3166, 0xef5d, 0xffff, 0xffff, 0xffff, 0xffdf, 0xe73c, 0xad75, 0x5aeb, 0xffff, 0xffff, 0xa534, 0x498b, 0xc43f, 0xc43f, 0xc43f, 0xc43f, 0xc43f, 0xc43f, 0xc43f, 0xc43f, 0xc43f, 0xc43f, 0x5a0f, 0x9472, 0xf7be, 0xffff, 0xffff, 0xffff, 0xffff, 0xffff, 0x5acb, 0x0020, 0xb596, 0xe73c, 0xffdf, 0xffff, 0xffff, 0xef5d, 0xe73c, 0x2925, 0xb3fd, 0xc43f, 0xc43f, 0xc43f, 0xc43f, 
  0xc43f, 0xc43f, 0xc43f, 0xc43f, 0xc43f, 0xb3dc, 0x2925, 0xef7d, 0xffff, 0xffff, 0xffff, 0xffff, 0xffff, 0xffff, 0xffdf, 0xad75, 0x5aeb, 0xffff, 0xa534, 0x498b, 0xc43f, 0xc43f, 0xc43f, 0xc43f, 0xc43f, 0xc43f, 0xc43f, 0xc43f, 0xc43f, 0xc43f, 0x51cd, 0x94b2, 0xffff, 0xffff, 0xffff, 0xffff, 0xffff, 0x5acb, 0xb596, 0xef7d, 0xffdf, 0xffff, 0xffff, 0xffff, 0xffff, 0xffff, 0xffff, 0xef7d, 0x20e4, 0xb3fd, 0xc43f, 0xc43f, 0xc43f, 
  0xc43f, 0xc43f, 0xc43f, 0xc43f, 0xc43f, 0xabdc, 0x18e3, 0xffff, 0xffff, 0xffff, 0xffff, 0xffff, 0xffff, 0xffff, 0xffff, 0xb5b6, 0x0020, 0x0861, 0x0841, 0x498b, 0xc43f, 0xc43f, 0xc43f, 0xc43f, 0xc43f, 0xc43f, 0xc43f, 0xc43f, 0xc43f, 0xc43f, 0x51cd, 0x0841, 0x0861, 0x0861, 0x0861, 0x0861, 0x0861, 0xad75, 0xffdf, 0xffff, 0xffff, 0xffff, 0xffff, 0xffff, 0xffff, 0xffff, 0xffff, 0xffff, 0x10a2, 0xb3fd, 0xc43f, 0xc43f, 0xc43f, 
  0xc43f, 0xc43f, 0xc43f, 0xc43f, 0xc43f, 0xabdc, 0x18e3, 0xffff, 0xffff, 0xffff, 0xffff, 0xffff, 0xffff, 0xffff, 0xffff, 0xffff, 0xad55, 0x528a, 0xf7be, 0x9cf3, 0x49ad, 0xc43f, 0xc43f, 0xc43f, 0xc43f, 0xc43f, 0xc43f, 0xc43f, 0xc43f, 0x59ee, 0x9492, 0xf7be, 0xf7be, 0xf7be, 0xf7be, 0xf7be, 0x4a69, 0xb5b6, 0xffff, 0xffff, 0xffff, 0xffff, 0xffff, 0xffff, 0xffff, 0xffff, 0xffff, 0x2104, 0xabbc, 0xc43f, 0xc43f, 0xc43f, 0xc43f, 
  0xc43f, 0xc43f, 0xc43f, 0xc43f, 0xc43f, 0xc43f, 0xabbb, 0x0000, 0x0000, 0x0000, 0x0000, 0x0000, 0x0000, 0x0000, 0x0000, 0x0000, 0x394a, 0x82d5, 0x0000, 0x498b, 0xc43f, 0xc43f, 0xc43f, 0xc43f, 0xc43f, 0xc43f, 0xc43f, 0xc43f, 0xc43f, 0xc43f, 0x51cd, 0x0000, 0x0000, 0x0000, 0x0000, 0x0000, 0x82f5, 0x3949, 0x0000, 0x0000, 0x0000, 0x0000, 0x0000, 0x0000, 0x0000, 0x0000, 0x0000, 0xabbc, 0xc43f, 0xc43f, 0xc43f, 0xc43f, 0xc43f
};

#define HEAD_HEIGHT 28
#define HEAD_WIDTH 30

static const short int head[]  = {
  0xc43f, 0xc43f, 0xc43f, 0xc43f, 0xc43f, 0xc43f, 0x0000, 0x0000, 0x0000, 0xffff, 0xffff, 0xffff, 0xffff, 0xffff, 0xffff, 0xffff, 0xffff, 0xffff, 0xffff, 0xffff, 0xffff, 0x0000, 0x0000, 0x0000, 0xc43f, 0xc43f, 0xc43f, 0xc43f, 0xc43f, 0xc43f, 
  0xc43f, 0xc43f, 0xc43f, 0xc43f, 0x0000, 0x0000, 0xffff, 0xffff, 0xffff, 0xffff, 0xffff, 0xffff, 0xffff, 0xffff, 0xffff, 0xffff, 0xffff, 0xffff, 0xffff, 0xffff, 0xffff, 0xffff, 0xffff, 0xffff, 0x0000, 0x0000, 0xc43f, 0xc43f, 0xc43f, 0xc43f, 
  0xc43f, 0xc43f, 0xc43f, 0x0000, 0xffff, 0xffff, 0xffff, 0xffff, 0xffff, 0xffff, 0xffff, 0xffff, 0xffff, 0xffff, 0xffff, 0xffff, 0xffff, 0xffff, 0xffff, 0xffff, 0xffff, 0xffff, 0xffff, 0xffff, 0xffff, 0xffff, 0x0000, 0xc43f, 0xc43f, 0xc43f, 
  0xc43f, 0xc43f, 0x0000, 0xffff, 0xffff, 0xffff, 0xffff, 0xffff, 0xffff, 0xffff, 0xffff, 0xffff, 0xffff, 0xffff, 0xffff, 0xffff, 0xffff, 0xffff, 0xffff, 0xffff, 0xffff, 0xffff, 0xffff, 0xffff, 0xffff, 0xffff, 0xffff, 0x0000, 0xc43f, 0xc43f, 
  0xc43f, 0x0000, 0xffff, 0xffff, 0xffff, 0xffff, 0xffff, 0xffff, 0xffff, 0xffff, 0xffff, 0xffff, 0xffff, 0xffff, 0xffff, 0xffff, 0xffff, 0xffff, 0xffff, 0xffff, 0xffff, 0xffff, 0xffff, 0xffff, 0xffff, 0xffff, 0xffff, 0xffff, 0x0000, 0xc43f, 
  0x0000, 0xffff, 0xffff, 0xffff, 0xffff, 0xffff, 0xffff, 0xffff, 0xffff, 0xffff, 0xffff, 0xffff, 0xffff, 0xffff, 0xffff, 0xffff, 0xffff, 0xffff, 0xffff, 0xffff, 0xffff, 0xffff, 0xffff, 0xffff, 0xffff, 0xffff, 0xffff, 0xffff, 0xffff, 0x0000, 
  0x0000, 0xffff, 0xffff, 0xffff, 0xffff, 0xffff, 0xffff, 0xffff, 0xffff, 0xffff, 0xffff, 0xffff, 0xffff, 0xffff, 0xffff, 0xffff, 0xffff, 0xffff, 0xffff, 0xffff, 0xffff, 0xffff, 0xffff, 0xffff, 0xffff, 0xffff, 0xffff, 0xffff, 0xffff, 0x0000, 
  0xffff, 0xffff, 0xffff, 0xffff, 0xffff, 0xffff, 0xffff, 0xffff, 0xffff, 0xffff, 0xffff, 0xffff, 0xffff, 0xffff, 0xffff, 0xffff, 0xffff, 0xffff, 0xffff, 0xffff, 0xffff, 0xffff, 0xffff, 0xffff, 0xffff, 0xffff, 0xffff, 0xffff, 0xffff, 0xffff, 
  0xffff, 0xffff, 0xffff, 0xffff, 0xffff, 0xffff, 0xffff, 0xffff, 0xffff, 0xffff, 0xffff, 0xffff, 0xffff, 0xffff, 0xffff, 0xffff, 0xffff, 0xffff, 0xffff, 0xffff, 0xffff, 0xffff, 0xffff, 0xffff, 0xffff, 0xffff, 0xffff, 0xffff, 0xffff, 0xffff, 
  0xffff, 0xffff, 0xffff, 0xffff, 0xffff, 0x0000, 0x0000, 0x0000, 0x0000, 0x0000, 0x0000, 0xffff, 0xffff, 0xffff, 0xffff, 0xffff, 0xffff, 0xffff, 0xffff, 0x0000, 0x0000, 0x0000, 0x0000, 0x0000, 0x0000, 0xffff, 0xffff, 0xffff, 0xffff, 0xffff, 
  0xffff, 0xffff, 0xffff, 0x0000, 0x0000, 0x0000, 0x0000, 0x0000, 0x0000, 0x0000, 0x0000, 0x0000, 0xffff, 0xffff, 0xffff, 0xffff, 0xffff, 0xffff, 0x0000, 0x0000, 0x0000, 0x0000, 0x0000, 0x0000, 0x0000, 0x0000, 0x0000, 0xffff, 0xffff, 0xffff, 
  0xffff, 0xffff, 0x0000, 0x0000, 0x0000, 0x0000, 0x0000, 0x0000, 0x0000, 0x0000, 0x0000, 0x0000, 0xffff, 0xffff, 0xffff, 0xffff, 0xffff, 0xffff, 0x0000, 0x0000, 0x0000, 0x0000, 0x0000, 0x0000, 0x0000, 0x0000, 0x0000, 0x0000, 0xffff, 0xffff, 
  0xffff, 0xffff, 0x0000, 0x0000, 0x0000, 0x0000, 0x0000, 0xffff, 0xffff, 0x0000, 0x0000, 0x0000, 0xffff, 0xffff, 0xffff, 0xffff, 0xffff, 0xffff, 0x0000, 0x0000, 0x0000, 0xffff, 0xffff, 0x0000, 0x0000, 0x0000, 0x0000, 0x0000, 0xffff, 0xffff, 
  0xffff, 0xffff, 0x0000, 0x0000, 0x0000, 0x0000, 0x0000, 0xffff, 0xffff, 0x0000, 0x0000, 0x0000, 0xffff, 0xffff, 0xffff, 0xffff, 0xffff, 0xffff, 0x0000, 0x0000, 0x0000, 0xffff, 0xffff, 0x0000, 0x0000, 0x0000, 0x0000, 0x0000, 0xffff, 0xffff, 
  0x0000, 0xffff, 0xffff, 0x0000, 0x0000, 0x0000, 0x0000, 0x0000, 0x0000, 0x0000, 0x0000, 0xffff, 0xffff, 0xffff, 0x0000, 0x0000, 0xffff, 0xffff, 0xffff, 0x0000, 0x0000, 0x0000, 0x0000, 0x0000, 0x0000, 0x0000, 0x0000, 0xffff, 0xffff, 0x0000, 
  0x0000, 0xffff, 0xffff, 0xffff, 0xffff, 0x0000, 0x0000, 0x0000, 0x0000, 0x0000, 0x0000, 0xffff, 0xffff, 0xffff, 0x0000, 0x0000, 0xffff, 0xffff, 0xffff, 0x0000, 0x0000, 0x0000, 0x0000, 0x0000, 0x0000, 0xffff, 0xffff, 0xffff, 0xffff, 0x0000, 
  0xc43f, 0x0000, 0xffff, 0xffff, 0xffff, 0xffff, 0xffff, 0xffff, 0xffff, 0x0000, 0xffff, 0xffff, 0xffff, 0x0000, 0x0000, 0x0000, 0x0000, 0xffff, 0xffff, 0xffff, 0x0000, 0xffff, 0xffff, 0xffff, 0xffff, 0xffff, 0xffff, 0xffff, 0x0000, 0xc43f, 
  0xc43f, 0x0000, 0xffff, 0xffff, 0xffff, 0xffff, 0xffff, 0x0000, 0x0000, 0xffff, 0xffff, 0xffff, 0xffff, 0x0000, 0x0000, 0x0000, 0x0000, 0xffff, 0xffff, 0xffff, 0xffff, 0x0000, 0x0000, 0xffff, 0xffff, 0xffff, 0xffff, 0xffff, 0x0000, 0xc43f, 
  0x0000, 0xffff, 0xffff, 0xffff, 0xffff, 0x0000, 0xffff, 0xffff, 0xffff, 0xffff, 0xffff, 0xffff, 0xffff, 0x0000, 0x0000, 0x0000, 0x0000, 0xffff, 0xffff, 0xffff, 0xffff, 0xffff, 0xffff, 0xffff, 0x0000, 0xffff, 0xffff, 0xffff, 0xffff, 0x0000, 
  0x0000, 0xffff, 0xffff, 0xffff, 0xffff, 0x0000, 0x0000, 0xffff, 0xffff, 0xffff, 0xffff, 0xffff, 0xffff, 0xffff, 0xffff, 0xffff, 0xffff, 0xffff, 0xffff, 0xffff, 0xffff, 0xffff, 0xffff, 0xffff, 0x0000, 0x0000, 0xffff, 0xffff, 0xffff, 0x0000, 
  0x0000, 0xffff, 0xffff, 0x0000, 0x0000, 0x0000, 0xffff, 0x0000, 0x0000, 0xffff, 0xffff, 0xffff, 0xffff, 0xffff, 0xffff, 0xffff, 0xffff, 0xffff, 0xffff, 0xffff, 0xffff, 0xffff, 0x0000, 0x0000, 0x0000, 0x0000, 0x0000, 0xffff, 0xffff, 0x0000, 
  0x0000, 0xffff, 0xffff, 0xffff, 0xffff, 0x0000, 0xffff, 0x0000, 0xffff, 0x0000, 0x0000, 0x0000, 0x0000, 0x0000, 0x0000, 0x0000, 0x0000, 0x0000, 0x0000, 0x0000, 0x0000, 0x0000, 0xffff, 0x0000, 0x0000, 0xffff, 0xffff, 0xffff, 0xffff, 0x0000, 
  0xc43f, 0x0000, 0xffff, 0xffff, 0xffff, 0xffff, 0x0000, 0x0000, 0xffff, 0xffff, 0xffff, 0x0000, 0xffff, 0xffff, 0x0000, 0xffff, 0xffff, 0xffff, 0x0000, 0xffff, 0xffff, 0x0000, 0xffff, 0x0000, 0xffff, 0xffff, 0xffff, 0xffff, 0x0000, 0xc43f, 
  0xc43f, 0x0000, 0xffff, 0xffff, 0xffff, 0xffff, 0xffff, 0x0000, 0x0000, 0xffff, 0xffff, 0x0000, 0xffff, 0xffff, 0x0000, 0xffff, 0xffff, 0xffff, 0x0000, 0xffff, 0xffff, 0x0000, 0x0000, 0xffff, 0xffff, 0xffff, 0xffff, 0xffff, 0x0000, 0xc43f, 
  0xc43f, 0xc43f, 0x0000, 0xffff, 0xffff, 0xffff, 0xffff, 0xffff, 0xffff, 0x0000, 0x0000, 0x0000, 0xffff, 0xffff, 0x0000, 0xffff, 0xffff, 0xffff, 0x0000, 0xffff, 0x0000, 0x0000, 0xffff, 0xffff, 0xffff, 0xffff, 0xffff, 0x0000, 0xc43f, 0xc43f, 
  0xc43f, 0xc43f, 0xc43f, 0x0000, 0xffff, 0xffff, 0xffff, 0xffff, 0xffff, 0xffff, 0xffff, 0x0000, 0x0000, 0x0000, 0x0000, 0x0000, 0x0000, 0x0000, 0x0000, 0x0000, 0xffff, 0xffff, 0xffff, 0xffff, 0xffff, 0xffff, 0x0000, 0xc43f, 0xc43f, 0xc43f, 
  0xc43f, 0xc43f, 0xc43f, 0xc43f, 0x0000, 0x0000, 0xffff, 0xffff, 0xffff, 0xffff, 0xffff, 0xffff, 0xffff, 0xffff, 0xffff, 0xffff, 0xffff, 0xffff, 0xffff, 0xffff, 0xffff, 0xffff, 0xffff, 0xffff, 0x0000, 0x0000, 0xc43f, 0xc43f, 0xc43f, 0xc43f, 
  0xc43f, 0xc43f, 0xc43f, 0xc43f, 0xc43f, 0xc43f, 0x0000, 0x0000, 0x0000, 0xffff, 0xffff, 0xffff, 0xffff, 0xffff, 0xffff, 0xffff, 0xffff, 0xffff, 0xffff, 0xffff, 0xffff, 0x0000, 0x0000, 0x0000, 0xc43f, 0xc43f, 0xc43f, 0xc43f, 0xc43f, 0xc43f
};

#define ATK1_HEIGHT 47
#define ATK1_WIDTH 20

// array size is 1880
static const short int atk1[]  = {
  0xc43f, 0xc43f, 0xc43f, 0xc43f, 0xc43f, 0xc43f, 0xc43f, 0xc43f, 0xc43f, 0xc43f, 0xc43f, 0xc43f, 0xc43f, 0xc43f, 0xc43f, 0xc43f, 0xc43f, 0xc43f, 0xc43f, 0xc43f, 
  0xc43f, 0xc43f, 0xc43f, 0xc43f, 0xc43f, 0xc43f, 0xc43f, 0xc43f, 0xc43f, 0xc43f, 0xc43f, 0xc43f, 0xc43f, 0xc43f, 0xc43f, 0xc43f, 0xc43f, 0xc43f, 0xc43f, 0xc43f, 
  0xc43f, 0xc43f, 0xc43f, 0xc43f, 0xc43f, 0xc43f, 0xc43f, 0xc43f, 0xc43f, 0xc43f, 0xcc1d, 0xdbd8, 0xcc1d, 0xc43f, 0xc43f, 0xc43f, 0xc43f, 0xc43f, 0xc43f, 0xc43f, 
  0xc43f, 0xc43f, 0xc43f, 0xc43f, 0xc43f, 0xc43f, 0xc43f, 0xc43f, 0xc43f, 0xdbd7, 0xe3b5, 0xdbd8, 0xcc1d, 0xc43f, 0xc43f, 0xc43f, 0xc43f, 0xc43f, 0xc43f, 0xc43f, 
  0xc43f, 0xc43f, 0xc43f, 0xc43f, 0xc43f, 0xc43f, 0xc43f, 0xc43f, 0xc43f, 0xeb92, 0xeb92, 0xc43f, 0xc43f, 0xc43f, 0xc43f, 0xc43f, 0xc43f, 0xc43f, 0xc43f, 0xc43f, 
  0xc43f, 0xc43f, 0xc43f, 0xc43f, 0xc43f, 0xc43f, 0xc43f, 0xc43f, 0xc43f, 0xc43f, 0xc43f, 0xc43f, 0xc43f, 0xc43f, 0xc43f, 0xc43f, 0xc43f, 0xc43f, 0xc43f, 0xc43f, 
  0xc43f, 0xc43f, 0xc43f, 0xc43f, 0xc43f, 0xc43f, 0xc43f, 0xc43f, 0xc43f, 0xc43f, 0xc43f, 0xc43f, 0xc43f, 0xc43f, 0xc43f, 0xc43f, 0xc43f, 0xc43f, 0xc43f, 0xc43f, 
  0xc43f, 0xc43f, 0xc43f, 0xc43f, 0xc43f, 0xc43f, 0xc43f, 0xc43f, 0xc43f, 0xc43f, 0xc43f, 0xc43f, 0xc43f, 0xc43f, 0xc43f, 0xc43f, 0xc43f, 0xc43f, 0xc43f, 0xc43f, 
  0xc43f, 0xc43f, 0xc43f, 0xc43f, 0xc43f, 0xc43f, 0xc43f, 0xc43f, 0xc43f, 0xc43f, 0xc43f, 0xc43f, 0xc43f, 0xc43f, 0xc43f, 0xc43f, 0xc43f, 0xc43f, 0xc43f, 0xc43f, 
  0xc43f, 0xc43f, 0xc43f, 0xc43f, 0xc43f, 0xc43f, 0xc43f, 0xc43f, 0xc43f, 0xc43f, 0xc43f, 0xc43f, 0xc43f, 0xc43f, 0xc43f, 0xc43f, 0xc43f, 0xc43f, 0xc43f, 0xc43f, 
  0xc43f, 0xc43f, 0xc43f, 0xc43f, 0xc43f, 0xc43f, 0xc43f, 0xc43f, 0xc43f, 0xc43f, 0xc43f, 0xc43f, 0xc43f, 0xc43f, 0xc43f, 0xc43f, 0xc43f, 0xc43f, 0xc43f, 0xc43f, 
  0xc43f, 0xc43f, 0xc43f, 0xc43f, 0xc43f, 0xc43f, 0xc43f, 0xc43f, 0xc43f, 0xc43f, 0xc43f, 0xc43f, 0xc43f, 0xc43f, 0xc43f, 0xc43f, 0xc43f, 0xc43f, 0xc43f, 0xc43f, 
  0xc43f, 0xc43f, 0xc43f, 0xc43f, 0xc43f, 0xc43f, 0xc43f, 0xc43f, 0xc43f, 0xc43f, 0xc43f, 0xc43f, 0xc43f, 0xc43f, 0xc43f, 0xc43f, 0xc43f, 0xc43f, 0xc43f, 0xc43f, 
  0xc43f, 0xc43f, 0xc43f, 0xc43f, 0xc43f, 0xc43f, 0xc43f, 0xc43f, 0xc43f, 0xc43f, 0xc43f, 0xc43f, 0xc43f, 0xc43f, 0xc43f, 0xc43f, 0xc43f, 0xc43f, 0xc43f, 0xc43f, 
  0xc43f, 0xc43f, 0xc43f, 0xc43f, 0xc43f, 0xc43f, 0xc43f, 0xc43f, 0xc43f, 0xc43f, 0xc43f, 0xc43f, 0xc43f, 0xc43f, 0xc43f, 0xc43f, 0xc43f, 0xc43f, 0xc43f, 0xc43f, 
  0xc43f, 0xc43f, 0xc43f, 0xc43f, 0xc43f, 0xc43f, 0xc43f, 0xc43f, 0xc43f, 0xc43f, 0xc43f, 0xc43f, 0xc43f, 0xc43f, 0xc43f, 0xc43f, 0xc43f, 0xc43f, 0xc43f, 0xc43f, 
  0xc43f, 0xc43f, 0xc43f, 0xc43f, 0xc43f, 0xc43f, 0xc43f, 0xc43f, 0xc43f, 0xc43f, 0xc43f, 0xc43f, 0xc43f, 0xc43f, 0xc43f, 0xc43f, 0xc43f, 0xc43f, 0xc43f, 0xc43f, 
  0xc43f, 0xc43f, 0xc43f, 0xc43f, 0xc43f, 0xc43f, 0xc43f, 0xc43f, 0xc43f, 0xc43f, 0xc43f, 0xc43f, 0xc43f, 0xc43f, 0xc43f, 0xc43f, 0xc43f, 0xc43f, 0xc43f, 0xc43f, 
  0xc43f, 0xc43f, 0xc43f, 0xc43f, 0xc43f, 0xc43f, 0xc43f, 0xc43f, 0xc43f, 0xc43f, 0xc43f, 0xc43f, 0xc43f, 0xc43f, 0xc43f, 0xc43f, 0xc43f, 0xc43f, 0xc43f, 0xc43f, 
  0xc43f, 0xc43f, 0xc43f, 0xc43f, 0xc43f, 0xc43f, 0xc43f, 0xc43f, 0xc43f, 0xc43f, 0xc43f, 0xc43f, 0xc43f, 0xc43f, 0xc43f, 0xc43f, 0xc43f, 0xc43f, 0xc43f, 0xc43f, 
  0xc43f, 0xc43f, 0xc43f, 0xc43f, 0xc43f, 0xc43f, 0xc43f, 0xc43f, 0xc43f, 0xc43f, 0xc43f, 0xc43f, 0xc43f, 0xc43f, 0xc43f, 0xc43f, 0xc43f, 0xc43f, 0xc43f, 0xc43f, 
  0xc43f, 0xc43f, 0xc43f, 0xc43f, 0xc43f, 0xc43f, 0xc43f, 0xc43f, 0xc43f, 0xc43f, 0xc43f, 0xc43f, 0xc43f, 0xc43f, 0xc43f, 0xc43f, 0xc43f, 0xc43f, 0xc43f, 0xc43f, 
  0xc43f, 0xc43f, 0xc43f, 0xc43f, 0xc43f, 0xc43f, 0xc43f, 0xc43f, 0xc43f, 0xc43f, 0xc43f, 0xc43f, 0xc43f, 0xc43f, 0xc43f, 0xc43f, 0xc43f, 0xc43f, 0xc43f, 0xc43f, 
  0xc43f, 0xc43f, 0xc43f, 0xc43f, 0xc43f, 0xc43f, 0xc43f, 0xc43f, 0xc43f, 0xc43f, 0xc43f, 0xc43f, 0xc43f, 0xc43f, 0xc43f, 0xc43f, 0xc43f, 0xc43f, 0xc43f, 0xc43f, 
  0xc43f, 0xc43f, 0xc43f, 0xc43f, 0xc43f, 0xc43f, 0xc43f, 0xc43f, 0xc43f, 0xc43f, 0xc43f, 0xc43f, 0xc43f, 0xc43f, 0xc43f, 0xc43f, 0xc43f, 0xc43f, 0xc43f, 0xc43f, 
  0xc43f, 0xc43f, 0xc43f, 0xc43f, 0xc43f, 0xc43f, 0xc43f, 0xc43f, 0xc43f, 0xc43f, 0xc43f, 0xc43f, 0xc43f, 0xc43f, 0xc43f, 0xc43f, 0xc43f, 0xc43f, 0xc43f, 0xc43f, 
  0xc43f, 0xc43f, 0xc43f, 0xc43f, 0xc43f, 0xc43f, 0xc43f, 0xc43f, 0xc43f, 0xc43f, 0xc43f, 0xc43f, 0xc43f, 0xc43f, 0xc43f, 0xc43f, 0xc43f, 0xc43f, 0xc43f, 0xc43f, 
  0xc43f, 0xc43f, 0xc43f, 0xc43f, 0xc43f, 0xc43f, 0xc43f, 0xc43f, 0xc43f, 0xc43f, 0xc43f, 0xc43f, 0xc43f, 0xc43f, 0xc43f, 0xc43f, 0xc43f, 0xc43f, 0xc43f, 0xc43f, 
  0xc43f, 0xc43f, 0xc43f, 0xc43f, 0xc43f, 0xc43f, 0xc43f, 0xc43f, 0xc43f, 0xc43f, 0xc43f, 0xc43f, 0xc43f, 0xc43f, 0xc43f, 0xc43f, 0xc43f, 0xc43f, 0xc43f, 0xc43f, 
  0xc43f, 0xc43f, 0xc43f, 0xc43f, 0xc43f, 0xc43f, 0xc43f, 0xc43f, 0xc43f, 0xc43f, 0xc43f, 0xc43f, 0xc43f, 0xc43f, 0xc43f, 0xc43f, 0xc43f, 0xc43f, 0xc43f, 0xc43f, 
  0xc43f, 0xc43f, 0xc43f, 0xc43f, 0xc43f, 0xc43f, 0xc43f, 0xc43f, 0xc43f, 0xc43f, 0xc43f, 0xc43f, 0xc43f, 0xc43f, 0xc43f, 0xc43f, 0xc43f, 0xc43f, 0xc43f, 0xc43f, 
  0xc43f, 0xc43f, 0xc43f, 0xc43f, 0xc43f, 0xc43f, 0xc43f, 0xc43f, 0xc43f, 0xc43f, 0xc43f, 0xc43f, 0xc43f, 0xc43f, 0xc43f, 0xc43f, 0xc43f, 0xc43f, 0xc43f, 0xc43f, 
  0xc43f, 0xc43f, 0xc43f, 0xc43f, 0xc43f, 0xc43f, 0xc43f, 0xc43f, 0xc43f, 0xc43f, 0xc43f, 0xc43f, 0xc43f, 0xc43f, 0xc43f, 0xc43f, 0xc43f, 0xc43f, 0xc43f, 0xc43f, 
  0xc43f, 0xc43f, 0xc43f, 0xc43f, 0xc43f, 0xc43f, 0xc43f, 0xc43f, 0xc43f, 0xc43f, 0xc43f, 0xc43f, 0xc43f, 0xc43f, 0xc43f, 0xc43f, 0xc43f, 0xc43f, 0xc43f, 0xc43f, 
  0xc43f, 0xc43f, 0xc43f, 0xc43f, 0xc43f, 0xc43f, 0xc43f, 0xc43f, 0xc43f, 0xc43f, 0xc43f, 0xc43f, 0xc43f, 0xc43f, 0xc43f, 0xc43f, 0xc43f, 0xc43f, 0xc43f, 0xc43f, 
  0xc43f, 0xc43f, 0xc43f, 0xc43f, 0xc43f, 0xc43f, 0xc43f, 0xc43f, 0xc43f, 0xc43f, 0xc43f, 0xc43f, 0xc43f, 0xc43f, 0xc43f, 0xc43f, 0xc43f, 0xc43f, 0xc43f, 0xc43f, 
  0xc43f, 0xc43f, 0xc43f, 0xc43f, 0xc43f, 0xc43f, 0xc43f, 0xc43f, 0xc43f, 0xc43f, 0xc43f, 0xc43f, 0xc43f, 0xc43f, 0xc43f, 0xc43f, 0xc43f, 0xc43f, 0xc43f, 0xc43f, 
  0xc43f, 0xc43f, 0xc43f, 0xc43f, 0xc43f, 0xc43f, 0xc43f, 0xc43f, 0xc43f, 0xc43f, 0xc43f, 0xc43f, 0xc43f, 0xc43f, 0xc43f, 0xc43f, 0xc43f, 0xc43f, 0xc43f, 0xc43f, 
  0xc43f, 0xc43f, 0xc43f, 0xc43f, 0xc43f, 0xc43f, 0xc43f, 0xc43f, 0xc43f, 0xc43f, 0xc43f, 0xc43f, 0xc43f, 0xc43f, 0xc43f, 0xc43f, 0xc43f, 0xc43f, 0xc43f, 0xc43f, 
  0xc43f, 0xc43f, 0xc43f, 0xc43f, 0xc43f, 0xc43f, 0xc43f, 0xc43f, 0xc43f, 0xc43f, 0xc43f, 0xc43f, 0xc43f, 0xc43f, 0xc43f, 0xc43f, 0xc43f, 0xc43f, 0xc43f, 0xc43f, 
  0xc43f, 0xc43f, 0xc43f, 0xc43f, 0xc43f, 0xc43f, 0xc43f, 0xc43f, 0xc43f, 0xc43f, 0xc43f, 0xc43f, 0xc43f, 0xc43f, 0xc43f, 0xc43f, 0xc43f, 0xc43f, 0xc43f, 0xc43f, 
  0xc43f, 0xc43f, 0xc43f, 0xc43f, 0xc43f, 0xc43f, 0xc43f, 0xc43f, 0xc43f, 0xc43f, 0xc43f, 0xc43f, 0xc43f, 0xc43f, 0xc43f, 0xc43f, 0xc43f, 0xc43f, 0xc43f, 0xc43f, 
  0xc43f, 0xc43f, 0xc43f, 0xc43f, 0xc43f, 0xc43f, 0xc43f, 0xc43f, 0xc43f, 0xc43f, 0xc43f, 0xc43f, 0xc43f, 0xc43f, 0xc43f, 0xc43f, 0xc43f, 0xc43f, 0xc43f, 0xc43f, 
  0xc43f, 0xc43f, 0xc43f, 0xc43f, 0xc43f, 0xc43f, 0xc43f, 0xc43f, 0xc43f, 0xc43f, 0xc43f, 0xc43f, 0xc43f, 0xc43f, 0xc43f, 0xc43f, 0xc43f, 0xc43f, 0xc43f, 0xc43f, 
  0xc43f, 0xc43f, 0xc43f, 0xc43f, 0xc43f, 0xc43f, 0xc43f, 0xc43f, 0xc43f, 0xc43f, 0xc43f, 0xc43f, 0xc43f, 0xc43f, 0xc43f, 0xc43f, 0xc43f, 0xc43f, 0xc43f, 0xc43f, 
  0xc43f, 0xc43f, 0xc43f, 0xc43f, 0xc43f, 0xc43f, 0xc43f, 0xc43f, 0xc43f, 0xc43f, 0xc43f, 0xc43f, 0xc43f, 0xc43f, 0xc43f, 0xc43f, 0xc43f, 0xc43f, 0xc43f, 0xc43f, 
  0xc43f, 0xc43f, 0xc43f, 0xc43f, 0xc43f, 0xc43f, 0xc43f, 0xc43f, 0xc43f, 0xc43f, 0xc43f, 0xc43f, 0xc43f, 0xc43f, 0xc43f, 0xc43f, 0xc43f, 0xc43f, 0xc43f, 0xc43f
};

#define ATK2_HEIGHT 47
#define ATK2_WIDTH 20

// array size is 1880
static const short int atk2[]  = {
  0xc43f, 0xc43f, 0xc43f, 0xc43f, 0xc43f, 0xc43f, 0xc43f, 0xc43f, 0xc43f, 0xc43f, 0xc43f, 0xc43f, 0xc43f, 0xc43f, 0xc43f, 0xc43f, 0xc43f, 0xc43f, 0xc43f, 0xc43f, 
  0xc43f, 0xc43f, 0xc43f, 0xc43f, 0xc43f, 0xc43f, 0xc43f, 0xc43f, 0xc43f, 0xc43f, 0xc43f, 0xc43f, 0xc43f, 0xc43f, 0xc43f, 0xc43f, 0xc43f, 0xc43f, 0xc43f, 0xc43f, 
  0xc43f, 0xc43f, 0xc43f, 0xc43f, 0xc43f, 0xc43f, 0xc43f, 0xc43f, 0xc43f, 0xc43f, 0xc43f, 0xc43f, 0xc43f, 0xc43f, 0xc43f, 0xc43f, 0xc43f, 0xc43f, 0xc43f, 0xc43f, 
  0xc43f, 0xc43f, 0xc43f, 0xc43f, 0xc43f, 0xc43f, 0xc43f, 0xc43f, 0xc43f, 0xc43f, 0xc43f, 0xc43f, 0xc43f, 0xc43f, 0xc43f, 0xc43f, 0xc43f, 0xc43f, 0xc43f, 0xc43f, 
  0xc43f, 0xc43f, 0xc43f, 0xc43f, 0xc43f, 0xc43f, 0xc43f, 0xc43f, 0xc43f, 0xe3b4, 0xe3b4, 0xc43f, 0xc43f, 0xc43f, 0xc43f, 0xc43f, 0xc43f, 0xc43f, 0xc43f, 0xc43f, 
  0xc43f, 0xc43f, 0xc43f, 0xc43f, 0xc43f, 0xc43f, 0xc43f, 0xc43f, 0xc43f, 0xeb92, 0xeb92, 0xc43f, 0xc43f, 0xc43f, 0xc43f, 0xc43f, 0xc43f, 0xc43f, 0xc43f, 0xc43f, 
  0xc43f, 0xc43f, 0xc43f, 0xc43f, 0xc43f, 0xc43f, 0xc43f, 0xc43f, 0xcc1e, 0xf391, 0xeb92, 0xc43f, 0xc43f, 0xc43f, 0xc43f, 0xc43f, 0xc43f, 0xc43f, 0xc43f, 0xc43f, 
  0xc43f, 0xc43f, 0xc43f, 0xc43f, 0xc43f, 0xc43f, 0xc43f, 0xdbf9, 0xfb4d, 0xfb4d, 0xeb92, 0xc43f, 0xc43f, 0xc43f, 0xc43f, 0xc43f, 0xc43f, 0xc43f, 0xc43f, 0xc43f, 
  0xc43f, 0xc43f, 0xc43f, 0xc43f, 0xc43f, 0xc43f, 0xc43f, 0xdbf9, 0xfb4d, 0xfb4d, 0xeb92, 0xc43f, 0xc43f, 0xc43f, 0xc43f, 0xc43f, 0xc43f, 0xc43f, 0xc43f, 0xc43f, 
  0xc43f, 0xc43f, 0xc43f, 0xc43f, 0xc43f, 0xc43f, 0xc43f, 0xdbf9, 0xfb4d, 0xfb4d, 0xeb92, 0xc43f, 0xc43f, 0xc43f, 0xc43f, 0xc43f, 0xc43f, 0xc43f, 0xc43f, 0xc43f, 
  0xc43f, 0xc43f, 0xc43f, 0xc43f, 0xc43f, 0xc43f, 0xc43f, 0xdbf9, 0xfb4d, 0xfb4d, 0xeb92, 0xc43f, 0xc43f, 0xc43f, 0xc43f, 0xc43f, 0xc43f, 0xc43f, 0xc43f, 0xc43f, 
  0xc43f, 0xc43f, 0xc43f, 0xc43f, 0xc43f, 0xc43f, 0xc43f, 0xdbf9, 0xfb4d, 0xd3fa, 0xc43f, 0xc43f, 0xc43f, 0xc43f, 0xc43f, 0xc43f, 0xc43f, 0xc43f, 0xc43f, 0xc43f, 
  0xc43f, 0xc43f, 0xc43f, 0xc43f, 0xc43f, 0xc43f, 0xc43f, 0xdbf9, 0xfb4d, 0xd3fa, 0xc43f, 0xc43f, 0xc43f, 0xc43f, 0xc43f, 0xc43f, 0xc43f, 0xc43f, 0xc43f, 0xc43f, 
  0xc43f, 0xc43f, 0xc43f, 0xc43f, 0xc43f, 0xc43f, 0xc43f, 0xd3fb, 0xeb92, 0xcc1c, 0xc43f, 0xc43f, 0xc43f, 0xc43f, 0xc43f, 0xc43f, 0xc43f, 0xc43f, 0xc43f, 0xc43f, 
  0xc43f, 0xc43f, 0xc43f, 0xc43f, 0xc43f, 0xc43f, 0xc43f, 0xc43f, 0xc43f, 0xc43f, 0xc43f, 0xc43f, 0xc43f, 0xc43f, 0xc43f, 0xc43f, 0xc43f, 0xc43f, 0xc43f, 0xc43f, 
  0xc43f, 0xc43f, 0xc43f, 0xc43f, 0xc43f, 0xc43f, 0xc43f, 0xc43f, 0xc43f, 0xc43f, 0xc43f, 0xc43f, 0xc43f, 0xc43f, 0xc43f, 0xc43f, 0xc43f, 0xc43f, 0xc43f, 0xc43f, 
  0xc43f, 0xc43f, 0xc43f, 0xc43f, 0xc43f, 0xc43f, 0xc43f, 0xc43f, 0xc43f, 0xc43f, 0xc43f, 0xc43f, 0xc43f, 0xc43f, 0xc43f, 0xc43f, 0xc43f, 0xc43f, 0xc43f, 0xc43f, 
  0xc43f, 0xc43f, 0xc43f, 0xc43f, 0xc43f, 0xc43f, 0xc43f, 0xc43f, 0xc43f, 0xc43f, 0xc43f, 0xc43f, 0xc43f, 0xc43f, 0xc43f, 0xc43f, 0xc43f, 0xc43f, 0xc43f, 0xc43f, 
  0xc43f, 0xc43f, 0xc43f, 0xc43f, 0xc43f, 0xc43f, 0xc43f, 0xc43f, 0xc43f, 0xc43f, 0xc43f, 0xc43f, 0xc43f, 0xc43f, 0xc43f, 0xc43f, 0xc43f, 0xc43f, 0xc43f, 0xc43f, 
  0xc43f, 0xc43f, 0xc43f, 0xc43f, 0xc43f, 0xc43f, 0xc43f, 0xc43f, 0xc43f, 0xc43f, 0xc43f, 0xc43f, 0xc43f, 0xc43f, 0xc43f, 0xc43f, 0xc43f, 0xc43f, 0xc43f, 0xc43f, 
  0xc43f, 0xc43f, 0xc43f, 0xc43f, 0xc43f, 0xc43f, 0xc43f, 0xc43f, 0xc43f, 0xc43f, 0xc43f, 0xc43f, 0xc43f, 0xc43f, 0xc43f, 0xc43f, 0xc43f, 0xc43f, 0xc43f, 0xc43f, 
  0xc43f, 0xc43f, 0xc43f, 0xc43f, 0xc43f, 0xc43f, 0xc43f, 0xc43f, 0xc43f, 0xc43f, 0xc43f, 0xc43f, 0xc43f, 0xc43f, 0xc43f, 0xc43f, 0xc43f, 0xc43f, 0xc43f, 0xc43f, 
  0xc43f, 0xc43f, 0xc43f, 0xc43f, 0xc43f, 0xc43f, 0xc43f, 0xc43f, 0xc43f, 0xc43f, 0xc43f, 0xc43f, 0xc43f, 0xc43f, 0xc43f, 0xc43f, 0xc43f, 0xc43f, 0xc43f, 0xc43f, 
  0xc43f, 0xc43f, 0xc43f, 0xc43f, 0xc43f, 0xc43f, 0xc43f, 0xc43f, 0xc43f, 0xc43f, 0xc43f, 0xc43f, 0xc43f, 0xc43f, 0xc43f, 0xc43f, 0xc43f, 0xc43f, 0xc43f, 0xc43f, 
  0xc43f, 0xc43f, 0xc43f, 0xc43f, 0xc43f, 0xc43f, 0xc43f, 0xc43f, 0xc43f, 0xc43f, 0xc43f, 0xc43f, 0xc43f, 0xc43f, 0xc43f, 0xc43f, 0xc43f, 0xc43f, 0xc43f, 0xc43f, 
  0xc43f, 0xc43f, 0xc43f, 0xc43f, 0xc43f, 0xc43f, 0xc43f, 0xc43f, 0xc43f, 0xc43f, 0xc43f, 0xc43f, 0xc43f, 0xc43f, 0xc43f, 0xc43f, 0xc43f, 0xc43f, 0xc43f, 0xc43f, 
  0xc43f, 0xc43f, 0xc43f, 0xc43f, 0xc43f, 0xc43f, 0xc43f, 0xc43f, 0xc43f, 0xc43f, 0xc43f, 0xc43f, 0xc43f, 0xc43f, 0xc43f, 0xc43f, 0xc43f, 0xc43f, 0xc43f, 0xc43f, 
  0xc43f, 0xc43f, 0xc43f, 0xc43f, 0xc43f, 0xc43f, 0xc43f, 0xc43f, 0xc43f, 0xc43f, 0xc43f, 0xc43f, 0xc43f, 0xc43f, 0xc43f, 0xc43f, 0xc43f, 0xc43f, 0xc43f, 0xc43f, 
  0xc43f, 0xc43f, 0xc43f, 0xc43f, 0xc43f, 0xc43f, 0xc43f, 0xc43f, 0xc43f, 0xc43f, 0xc43f, 0xc43f, 0xc43f, 0xc43f, 0xc43f, 0xc43f, 0xc43f, 0xc43f, 0xc43f, 0xc43f, 
  0xc43f, 0xc43f, 0xc43f, 0xc43f, 0xc43f, 0xc43f, 0xc43f, 0xc43f, 0xc43f, 0xc43f, 0xc43f, 0xc43f, 0xc43f, 0xc43f, 0xc43f, 0xc43f, 0xc43f, 0xc43f, 0xc43f, 0xc43f, 
  0xc43f, 0xc43f, 0xc43f, 0xc43f, 0xc43f, 0xc43f, 0xc43f, 0xc43f, 0xc43f, 0xc43f, 0xc43f, 0xc43f, 0xc43f, 0xc43f, 0xc43f, 0xc43f, 0xc43f, 0xc43f, 0xc43f, 0xc43f, 
  0xc43f, 0xc43f, 0xc43f, 0xc43f, 0xc43f, 0xc43f, 0xc43f, 0xc43f, 0xc43f, 0xc43f, 0xc43f, 0xc43f, 0xc43f, 0xc43f, 0xc43f, 0xc43f, 0xc43f, 0xc43f, 0xc43f, 0xc43f, 
  0xc43f, 0xc43f, 0xc43f, 0xc43f, 0xc43f, 0xc43f, 0xc43f, 0xc43f, 0xc43f, 0xc43f, 0xc43f, 0xc43f, 0xc43f, 0xc43f, 0xc43f, 0xc43f, 0xc43f, 0xc43f, 0xc43f, 0xc43f, 
  0xc43f, 0xc43f, 0xc43f, 0xc43f, 0xc43f, 0xc43f, 0xc43f, 0xc43f, 0xc43f, 0xc43f, 0xc43f, 0xc43f, 0xc43f, 0xc43f, 0xc43f, 0xc43f, 0xc43f, 0xc43f, 0xc43f, 0xc43f, 
  0xc43f, 0xc43f, 0xc43f, 0xc43f, 0xc43f, 0xc43f, 0xc43f, 0xc43f, 0xc43f, 0xc43f, 0xc43f, 0xc43f, 0xc43f, 0xc43f, 0xc43f, 0xc43f, 0xc43f, 0xc43f, 0xc43f, 0xc43f, 
  0xc43f, 0xc43f, 0xc43f, 0xc43f, 0xc43f, 0xc43f, 0xc43f, 0xc43f, 0xc43f, 0xc43f, 0xc43f, 0xc43f, 0xc43f, 0xc43f, 0xc43f, 0xc43f, 0xc43f, 0xc43f, 0xc43f, 0xc43f, 
  0xc43f, 0xc43f, 0xc43f, 0xc43f, 0xc43f, 0xc43f, 0xc43f, 0xc43f, 0xc43f, 0xc43f, 0xc43f, 0xc43f, 0xc43f, 0xc43f, 0xc43f, 0xc43f, 0xc43f, 0xc43f, 0xc43f, 0xc43f, 
  0xc43f, 0xc43f, 0xc43f, 0xc43f, 0xc43f, 0xc43f, 0xc43f, 0xc43f, 0xc43f, 0xc43f, 0xc43f, 0xc43f, 0xc43f, 0xc43f, 0xc43f, 0xc43f, 0xc43f, 0xc43f, 0xc43f, 0xc43f, 
  0xc43f, 0xc43f, 0xc43f, 0xc43f, 0xc43f, 0xc43f, 0xc43f, 0xc43f, 0xc43f, 0xc43f, 0xc43f, 0xc43f, 0xc43f, 0xc43f, 0xc43f, 0xc43f, 0xc43f, 0xc43f, 0xc43f, 0xc43f, 
  0xc43f, 0xc43f, 0xc43f, 0xc43f, 0xc43f, 0xc43f, 0xc43f, 0xc43f, 0xc43f, 0xc43f, 0xc43f, 0xc43f, 0xc43f, 0xc43f, 0xc43f, 0xc43f, 0xc43f, 0xc43f, 0xc43f, 0xc43f, 
  0xc43f, 0xc43f, 0xc43f, 0xc43f, 0xc43f, 0xc43f, 0xc43f, 0xc43f, 0xc43f, 0xc43f, 0xc43f, 0xc43f, 0xc43f, 0xc43f, 0xc43f, 0xc43f, 0xc43f, 0xc43f, 0xc43f, 0xc43f, 
  0xc43f, 0xc43f, 0xc43f, 0xc43f, 0xc43f, 0xc43f, 0xc43f, 0xc43f, 0xc43f, 0xc43f, 0xc43f, 0xc43f, 0xc43f, 0xc43f, 0xc43f, 0xc43f, 0xc43f, 0xc43f, 0xc43f, 0xc43f, 
  0xc43f, 0xc43f, 0xc43f, 0xc43f, 0xc43f, 0xc43f, 0xc43f, 0xc43f, 0xc43f, 0xc43f, 0xc43f, 0xc43f, 0xc43f, 0xc43f, 0xc43f, 0xc43f, 0xc43f, 0xc43f, 0xc43f, 0xc43f, 
  0xc43f, 0xc43f, 0xc43f, 0xc43f, 0xc43f, 0xc43f, 0xc43f, 0xc43f, 0xc43f, 0xc43f, 0xc43f, 0xc43f, 0xc43f, 0xc43f, 0xc43f, 0xc43f, 0xc43f, 0xc43f, 0xc43f, 0xc43f, 
  0xc43f, 0xc43f, 0xc43f, 0xc43f, 0xc43f, 0xc43f, 0xc43f, 0xc43f, 0xc43f, 0xc43f, 0xc43f, 0xc43f, 0xc43f, 0xc43f, 0xc43f, 0xc43f, 0xc43f, 0xc43f, 0xc43f, 0xc43f, 
  0xc43f, 0xc43f, 0xc43f, 0xc43f, 0xc43f, 0xc43f, 0xc43f, 0xc43f, 0xc43f, 0xc43f, 0xc43f, 0xc43f, 0xc43f, 0xc43f, 0xc43f, 0xc43f, 0xc43f, 0xc43f, 0xc43f, 0xc43f, 
  0xc43f, 0xc43f, 0xc43f, 0xc43f, 0xc43f, 0xc43f, 0xc43f, 0xc43f, 0xc43f, 0xc43f, 0xc43f, 0xc43f, 0xc43f, 0xc43f, 0xc43f, 0xc43f, 0xc43f, 0xc43f, 0xc43f, 0xc43f
};

#define ATK3_HEIGHT 47
#define ATK3_WIDTH 20

// array size is 1880
static const short int atk3[]  = {
  0xc43f, 0xc43f, 0xc43f, 0xc43f, 0xc43f, 0xc43f, 0xc43f, 0xc43f, 0xc43f, 0xc43f, 0xc43f, 0xc43f, 0xc43f, 0xc43f, 0xc43f, 0xc43f, 0xc43f, 0xc43f, 0xc43f, 0xc43f, 
  0xc43f, 0xc43f, 0xc43f, 0xc43f, 0xc43f, 0xc43f, 0xc43f, 0xc43f, 0xc43f, 0xc43f, 0xc43f, 0xc43f, 0xc43f, 0xc43f, 0xc43f, 0xc43f, 0xc43f, 0xc43f, 0xc43f, 0xc43f, 
  0xc43f, 0xc43f, 0xc43f, 0xc43f, 0xc43f, 0xc43f, 0xc43f, 0xc43f, 0xc43f, 0xc43f, 0xc43f, 0xc43f, 0xc43f, 0xc43f, 0xc43f, 0xc43f, 0xc43f, 0xc43f, 0xc43f, 0xc43f, 
  0xc43f, 0xc43f, 0xc43f, 0xc43f, 0xc43f, 0xc43f, 0xc43f, 0xc43f, 0xc43f, 0xc43f, 0xc43f, 0xc43f, 0xc43f, 0xc43f, 0xc43f, 0xc43f, 0xc43f, 0xc43f, 0xc43f, 0xc43f, 
  0xc43f, 0xc43f, 0xc43f, 0xc43f, 0xc43f, 0xc43f, 0xc43f, 0xc43f, 0xc43f, 0xc43f, 0xc43f, 0xc43f, 0xc43f, 0xc43f, 0xc43f, 0xc43f, 0xc43f, 0xc43f, 0xc43f, 0xc43f, 
  0xc43f, 0xc43f, 0xc43f, 0xc43f, 0xc43f, 0xc43f, 0xc43f, 0xc43f, 0xc43f, 0xc43f, 0xc43f, 0xc43f, 0xc43f, 0xc43f, 0xc43f, 0xc43f, 0xc43f, 0xc43f, 0xc43f, 0xc43f, 
  0xc43f, 0xc43f, 0xc43f, 0xc43f, 0xc43f, 0xc43f, 0xc43f, 0xc43f, 0xc43f, 0xc43f, 0xc43f, 0xc43f, 0xc43f, 0xc43f, 0xc43f, 0xc43f, 0xc43f, 0xc43f, 0xc43f, 0xc43f, 
  0xc43f, 0xc43f, 0xc43f, 0xc43f, 0xc43f, 0xc43f, 0xc43f, 0xc43f, 0xc43f, 0xc43f, 0xc43f, 0xc43f, 0xc43f, 0xc43f, 0xc43f, 0xc43f, 0xc43f, 0xc43f, 0xc43f, 0xc43f, 
  0xc43f, 0xc43f, 0xc43f, 0xc43f, 0xc43f, 0xc43f, 0xc43f, 0xc43f, 0xc43f, 0xc43f, 0xc43f, 0xc43f, 0xc43f, 0xc43f, 0xc43f, 0xc43f, 0xc43f, 0xc43f, 0xc43f, 0xc43f, 
  0xc43f, 0xc43f, 0xc43f, 0xc43f, 0xc43f, 0xc43f, 0xc43f, 0xc43f, 0xc43f, 0xdbd7, 0xdbd7, 0xc43f, 0xc43f, 0xc43f, 0xc43f, 0xc43f, 0xc43f, 0xc43f, 0xc43f, 0xc43f, 
  0xc43f, 0xc43f, 0xc43f, 0xc43f, 0xc43f, 0xc43f, 0xc43f, 0xc43f, 0xc43f, 0xeb92, 0xeb92, 0xc43f, 0xc43f, 0xc43f, 0xc43f, 0xc43f, 0xc43f, 0xc43f, 0xc43f, 0xc43f, 
  0xc43f, 0xc43f, 0xc43f, 0xc43f, 0xc43f, 0xc43f, 0xc43f, 0xc43f, 0xc43f, 0xeb92, 0xeb92, 0xc43f, 0xc43f, 0xc43f, 0xc43f, 0xc43f, 0xc43f, 0xc43f, 0xc43f, 0xc43f, 
  0xc43f, 0xc43f, 0xc43f, 0xc43f, 0xc43f, 0xc43f, 0xc43f, 0xdbf9, 0xfb4d, 0xfb4d, 0xeb92, 0xc43f, 0xc43f, 0xc43f, 0xc43f, 0xc43f, 0xc43f, 0xc43f, 0xc43f, 0xc43f, 
  0xc43f, 0xc43f, 0xc43f, 0xc43f, 0xc43f, 0xc43f, 0xc43f, 0xdbf9, 0xfb4d, 0xfb4d, 0xeb92, 0xc43f, 0xc43f, 0xc43f, 0xc43f, 0xc43f, 0xc43f, 0xc43f, 0xc43f, 0xc43f, 
  0xc43f, 0xc43f, 0xc43f, 0xc43f, 0xc43f, 0xc43f, 0xc43f, 0xdbf9, 0xfb4d, 0xfb4d, 0xeb92, 0xc43f, 0xc43f, 0xc43f, 0xc43f, 0xc43f, 0xc43f, 0xc43f, 0xc43f, 0xc43f, 
  0xc43f, 0xc43f, 0xc43f, 0xc43f, 0xc43f, 0xc43f, 0xc43f, 0xdbf9, 0xfb4d, 0xfb4d, 0xeb92, 0xc43f, 0xc43f, 0xc43f, 0xc43f, 0xc43f, 0xc43f, 0xc43f, 0xc43f, 0xc43f, 
  0xc43f, 0xc43f, 0xc43f, 0xc43f, 0xc43f, 0xc43f, 0xc43f, 0xdbf9, 0xfb4d, 0xdbd8, 0xcc1e, 0xc43f, 0xc43f, 0xc43f, 0xc43f, 0xc43f, 0xc43f, 0xc43f, 0xc43f, 0xc43f, 
  0xc43f, 0xc43f, 0xc43f, 0xc43f, 0xc43f, 0xc43e, 0xf391, 0xfb4d, 0xfb4d, 0xd3fa, 0xc43f, 0xc43f, 0xc43f, 0xc43f, 0xc43f, 0xc43f, 0xc43f, 0xc43f, 0xc43f, 0xc43f, 
  0xc43f, 0xc43f, 0xc43f, 0xc43f, 0xc43f, 0xc43e, 0xf371, 0xfb4d, 0xfb4d, 0xd3fa, 0xc43f, 0xc43f, 0xc43f, 0xc43f, 0xc43f, 0xc43f, 0xc43f, 0xc43f, 0xc43f, 0xc43f, 
  0xc43f, 0xc43f, 0xc43f, 0xc43f, 0xc43f, 0xc43e, 0xf371, 0xfb4d, 0xfb4d, 0xd3fa, 0xc43f, 0xc43f, 0xc43f, 0xc43f, 0xc43f, 0xc43f, 0xc43f, 0xc43f, 0xc43f, 0xc43f, 
  0xc43f, 0xc43f, 0xc43f, 0xc43f, 0xc43f, 0xc43e, 0xf371, 0xfb4d, 0xfb4d, 0xd3fa, 0xc43f, 0xc43f, 0xc43f, 0xc43f, 0xc43f, 0xc43f, 0xc43f, 0xc43f, 0xc43f, 0xc43f, 
  0xc43f, 0xc43f, 0xc43f, 0xc43f, 0xc43f, 0xc43e, 0xf371, 0xfb4d, 0xfb4d, 0xd3fa, 0xc43f, 0xc43f, 0xc43f, 0xc43f, 0xc43f, 0xc43f, 0xc43f, 0xc43f, 0xc43f, 0xc43f, 
  0xc43f, 0xc43f, 0xc43f, 0xc43f, 0xc43f, 0xc43e, 0xf371, 0xfb4d, 0xfb4d, 0xd3fa, 0xc43f, 0xc43f, 0xc43f, 0xc43f, 0xc43f, 0xc43f, 0xc43f, 0xc43f, 0xc43f, 0xc43f, 
  0xc43f, 0xc43f, 0xc43f, 0xc43f, 0xc43f, 0xc43f, 0xc43f, 0xdbf9, 0xfb4d, 0xd3fa, 0xc43f, 0xc43f, 0xc43f, 0xc43f, 0xc43f, 0xc43f, 0xc43f, 0xc43f, 0xc43f, 0xc43f, 
  0xc43f, 0xc43f, 0xc43f, 0xc43f, 0xc43f, 0xc43f, 0xc43f, 0xdbf9, 0xfb4d, 0xd3fa, 0xc43f, 0xc43f, 0xc43f, 0xc43f, 0xc43f, 0xc43f, 0xc43f, 0xc43f, 0xc43f, 0xc43f, 
  0xc43f, 0xc43f, 0xc43f, 0xc43f, 0xc43f, 0xc43f, 0xc43f, 0xdbf9, 0xfb4d, 0xd3fa, 0xc43f, 0xc43f, 0xc43f, 0xc43f, 0xc43f, 0xc43f, 0xc43f, 0xc43f, 0xc43f, 0xc43f, 
  0xc43f, 0xc43f, 0xc43f, 0xc43f, 0xc43f, 0xc43f, 0xc43f, 0xdbf9, 0xfb4d, 0xd3fa, 0xc43f, 0xc43f, 0xc43f, 0xc43f, 0xc43f, 0xc43f, 0xc43f, 0xc43f, 0xc43f, 0xc43f, 
  0xc43f, 0xc43f, 0xc43f, 0xc43f, 0xc43f, 0xc43f, 0xc43f, 0xcc1e, 0xd3fa, 0xcc3e, 0xc43f, 0xc43f, 0xc43f, 0xc43f, 0xc43f, 0xc43f, 0xc43f, 0xc43f, 0xc43f, 0xc43f, 
  0xc43f, 0xc43f, 0xc43f, 0xc43f, 0xc43f, 0xc43f, 0xc43f, 0xc43f, 0xc43f, 0xc43f, 0xc43f, 0xc43f, 0xc43f, 0xc43f, 0xc43f, 0xc43f, 0xc43f, 0xc43f, 0xc43f, 0xc43f, 
  0xc43f, 0xc43f, 0xc43f, 0xc43f, 0xc43f, 0xc43f, 0xc43f, 0xc43f, 0xc43f, 0xc43f, 0xc43f, 0xc43f, 0xc43f, 0xc43f, 0xc43f, 0xc43f, 0xc43f, 0xc43f, 0xc43f, 0xc43f, 
  0xc43f, 0xc43f, 0xc43f, 0xc43f, 0xc43f, 0xc43f, 0xc43f, 0xc43f, 0xc43f, 0xc43f, 0xc43f, 0xc43f, 0xc43f, 0xc43f, 0xc43f, 0xc43f, 0xc43f, 0xc43f, 0xc43f, 0xc43f, 
  0xc43f, 0xc43f, 0xc43f, 0xc43f, 0xc43f, 0xc43f, 0xc43f, 0xc43f, 0xc43f, 0xc43f, 0xc43f, 0xc43f, 0xc43f, 0xc43f, 0xc43f, 0xc43f, 0xc43f, 0xc43f, 0xc43f, 0xc43f, 
  0xc43f, 0xc43f, 0xc43f, 0xc43f, 0xc43f, 0xc43f, 0xc43f, 0xc43f, 0xc43f, 0xc43f, 0xc43f, 0xc43f, 0xc43f, 0xc43f, 0xc43f, 0xc43f, 0xc43f, 0xc43f, 0xc43f, 0xc43f, 
  0xc43f, 0xc43f, 0xc43f, 0xc43f, 0xc43f, 0xc43f, 0xc43f, 0xc43f, 0xc43f, 0xc43f, 0xc43f, 0xc43f, 0xc43f, 0xc43f, 0xc43f, 0xc43f, 0xc43f, 0xc43f, 0xc43f, 0xc43f, 
  0xc43f, 0xc43f, 0xc43f, 0xc43f, 0xc43f, 0xc43f, 0xc43f, 0xc43f, 0xc43f, 0xc43f, 0xc43f, 0xc43f, 0xc43f, 0xc43f, 0xc43f, 0xc43f, 0xc43f, 0xc43f, 0xc43f, 0xc43f, 
  0xc43f, 0xc43f, 0xc43f, 0xc43f, 0xc43f, 0xc43f, 0xc43f, 0xc43f, 0xc43f, 0xc43f, 0xc43f, 0xc43f, 0xc43f, 0xc43f, 0xc43f, 0xc43f, 0xc43f, 0xc43f, 0xc43f, 0xc43f, 
  0xc43f, 0xc43f, 0xc43f, 0xc43f, 0xc43f, 0xc43f, 0xc43f, 0xc43f, 0xc43f, 0xc43f, 0xc43f, 0xc43f, 0xc43f, 0xc43f, 0xc43f, 0xc43f, 0xc43f, 0xc43f, 0xc43f, 0xc43f, 
  0xc43f, 0xc43f, 0xc43f, 0xc43f, 0xc43f, 0xc43f, 0xc43f, 0xc43f, 0xc43f, 0xc43f, 0xc43f, 0xc43f, 0xc43f, 0xc43f, 0xc43f, 0xc43f, 0xc43f, 0xc43f, 0xc43f, 0xc43f, 
  0xc43f, 0xc43f, 0xc43f, 0xc43f, 0xc43f, 0xc43f, 0xc43f, 0xc43f, 0xc43f, 0xc43f, 0xc43f, 0xc43f, 0xc43f, 0xc43f, 0xc43f, 0xc43f, 0xc43f, 0xc43f, 0xc43f, 0xc43f, 
  0xc43f, 0xc43f, 0xc43f, 0xc43f, 0xc43f, 0xc43f, 0xc43f, 0xc43f, 0xc43f, 0xc43f, 0xc43f, 0xc43f, 0xc43f, 0xc43f, 0xc43f, 0xc43f, 0xc43f, 0xc43f, 0xc43f, 0xc43f, 
  0xc43f, 0xc43f, 0xc43f, 0xc43f, 0xc43f, 0xc43f, 0xc43f, 0xc43f, 0xc43f, 0xc43f, 0xc43f, 0xc43f, 0xc43f, 0xc43f, 0xc43f, 0xc43f, 0xc43f, 0xc43f, 0xc43f, 0xc43f, 
  0xc43f, 0xc43f, 0xc43f, 0xc43f, 0xc43f, 0xc43f, 0xc43f, 0xc43f, 0xc43f, 0xc43f, 0xc43f, 0xc43f, 0xc43f, 0xc43f, 0xc43f, 0xc43f, 0xc43f, 0xc43f, 0xc43f, 0xc43f, 
  0xc43f, 0xc43f, 0xc43f, 0xc43f, 0xc43f, 0xc43f, 0xc43f, 0xc43f, 0xc43f, 0xc43f, 0xc43f, 0xc43f, 0xc43f, 0xc43f, 0xc43f, 0xc43f, 0xc43f, 0xc43f, 0xc43f, 0xc43f, 
  0xc43f, 0xc43f, 0xc43f, 0xc43f, 0xc43f, 0xc43f, 0xc43f, 0xc43f, 0xc43f, 0xc43f, 0xc43f, 0xc43f, 0xc43f, 0xc43f, 0xc43f, 0xc43f, 0xc43f, 0xc43f, 0xc43f, 0xc43f, 
  0xc43f, 0xc43f, 0xc43f, 0xc43f, 0xc43f, 0xc43f, 0xc43f, 0xc43f, 0xc43f, 0xc43f, 0xc43f, 0xc43f, 0xc43f, 0xc43f, 0xc43f, 0xc43f, 0xc43f, 0xc43f, 0xc43f, 0xc43f, 
  0xc43f, 0xc43f, 0xc43f, 0xc43f, 0xc43f, 0xc43f, 0xc43f, 0xc43f, 0xc43f, 0xc43f, 0xc43f, 0xc43f, 0xc43f, 0xc43f, 0xc43f, 0xc43f, 0xc43f, 0xc43f, 0xc43f, 0xc43f, 
  0xc43f, 0xc43f, 0xc43f, 0xc43f, 0xc43f, 0xc43f, 0xc43f, 0xc43f, 0xc43f, 0xc43f, 0xc43f, 0xc43f, 0xc43f, 0xc43f, 0xc43f, 0xc43f, 0xc43f, 0xc43f, 0xc43f, 0xc43f
};

#define ATK4_HEIGHT 47
#define ATK4_WIDTH 20

// array size is 1880
static const short int atk4[]  = {
  0xc43f, 0xc43f, 0xc43f, 0xc43f, 0xc43f, 0xc43f, 0xc43f, 0xc43f, 0xc43f, 0xc43f, 0xc43f, 0xc43f, 0xc43f, 0xc43f, 0xc43f, 0xc43f, 0xc43f, 0xc43f, 0xc43f, 0xc43f, 
  0xc43f, 0xc43f, 0xc43f, 0xc43f, 0xc43f, 0xc43f, 0xc43f, 0xc43f, 0xc43f, 0xc43f, 0xc43f, 0xc43f, 0xc43f, 0xc43f, 0xc43f, 0xc43f, 0xc43f, 0xc43f, 0xc43f, 0xc43f, 
  0xc43f, 0xc43f, 0xc43f, 0xc43f, 0xc43f, 0xc43f, 0xc43f, 0xc43f, 0xc43f, 0xc43f, 0xc43f, 0xc43f, 0xc43f, 0xc43f, 0xc43f, 0xc43f, 0xc43f, 0xc43f, 0xc43f, 0xc43f, 
  0xc43f, 0xc43f, 0xc43f, 0xc43f, 0xc43f, 0xc43f, 0xc43f, 0xc43f, 0xc43f, 0xc43f, 0xc43f, 0xc43f, 0xc43f, 0xc43f, 0xc43f, 0xc43f, 0xc43f, 0xc43f, 0xc43f, 0xc43f, 
  0xc43f, 0xc43f, 0xc43f, 0xc43f, 0xc43f, 0xc43f, 0xc43f, 0xc43f, 0xc43f, 0xc43f, 0xc43f, 0xc43f, 0xc43f, 0xc43f, 0xc43f, 0xc43f, 0xc43f, 0xc43f, 0xc43f, 0xc43f, 
  0xc43f, 0xc43f, 0xc43f, 0xc43f, 0xc43f, 0xc43f, 0xc43f, 0xc43f, 0xc43f, 0xc43f, 0xc43f, 0xc43f, 0xc43f, 0xc43f, 0xc43f, 0xc43f, 0xc43f, 0xc43f, 0xc43f, 0xc43f, 
  0xc43f, 0xc43f, 0xc43f, 0xc43f, 0xc43f, 0xc43f, 0xc43f, 0xc43f, 0xc43f, 0xc43f, 0xc43f, 0xc43f, 0xc43f, 0xc43f, 0xc43f, 0xc43f, 0xc43f, 0xc43f, 0xc43f, 0xc43f, 
  0xc43f, 0xc43f, 0xc43f, 0xc43f, 0xc43f, 0xc43f, 0xc43f, 0xc43f, 0xc43f, 0xc43f, 0xc43f, 0xc43f, 0xc43f, 0xc43f, 0xc43f, 0xc43f, 0xc43f, 0xc43f, 0xc43f, 0xc43f, 
  0xc43f, 0xc43f, 0xc43f, 0xc43f, 0xc43f, 0xc43f, 0xc43f, 0xc43f, 0xc43f, 0xc43f, 0xc43f, 0xc43f, 0xc43f, 0xc43f, 0xc43f, 0xc43f, 0xc43f, 0xc43f, 0xc43f, 0xc43f, 
  0xc43f, 0xc43f, 0xc43f, 0xc43f, 0xc43f, 0xc43f, 0xc43f, 0xc43f, 0xc43f, 0xc43f, 0xc43f, 0xc43f, 0xc43f, 0xc43f, 0xc43f, 0xc43f, 0xc43f, 0xc43f, 0xc43f, 0xc43f, 
  0xc43f, 0xc43f, 0xc43f, 0xc43f, 0xc43f, 0xc43f, 0xc43f, 0xc43f, 0xc43f, 0xc43f, 0xc43f, 0xc43f, 0xc43f, 0xc43f, 0xc43f, 0xc43f, 0xc43f, 0xc43f, 0xc43f, 0xc43f, 
  0xc43f, 0xc43f, 0xc43f, 0xc43f, 0xc43f, 0xc43f, 0xc43f, 0xc43f, 0xc43f, 0xc43f, 0xc43f, 0xc43f, 0xc43f, 0xc43f, 0xc43f, 0xc43f, 0xc43f, 0xc43f, 0xc43f, 0xc43f, 
  0xc43f, 0xc43f, 0xc43f, 0xc43f, 0xc43f, 0xc43f, 0xc43f, 0xc43f, 0xc43f, 0xc43e, 0xc43e, 0xc43f, 0xc43f, 0xc43f, 0xc43f, 0xc43f, 0xc43f, 0xc43f, 0xc43f, 0xc43f, 
  0xc43f, 0xc43f, 0xc43f, 0xc43f, 0xc43f, 0xc43f, 0xc43f, 0xc43f, 0xc43f, 0xeb92, 0xeb92, 0xc43f, 0xc43f, 0xc43f, 0xc43f, 0xc43f, 0xc43f, 0xc43f, 0xc43f, 0xc43f, 
  0xc43f, 0xc43f, 0xc43f, 0xc43f, 0xc43f, 0xc43f, 0xc43f, 0xc43f, 0xc43f, 0xeb92, 0xeb92, 0xc43f, 0xc43f, 0xc43f, 0xc43f, 0xc43f, 0xc43f, 0xc43f, 0xc43f, 0xc43f, 
  0xc43f, 0xc43f, 0xc43f, 0xc43f, 0xc43f, 0xc43f, 0xc43f, 0xc43f, 0xc43f, 0xd3fb, 0xd3fb, 0xc43f, 0xc43f, 0xc43f, 0xc43f, 0xc43f, 0xc43f, 0xc43f, 0xc43f, 0xc43f, 
  0xc43f, 0xc43f, 0xc43f, 0xc43f, 0xc43f, 0xc43f, 0xc43f, 0xd3fa, 0xf370, 0xd3fb, 0xc43f, 0xc43f, 0xc43f, 0xc43f, 0xc43f, 0xc43f, 0xc43f, 0xc43f, 0xc43f, 0xc43f, 
  0xc43f, 0xc43f, 0xc43f, 0xc43f, 0xc43f, 0xc43f, 0xc43f, 0xdbf9, 0xfb4d, 0xd3fa, 0xc43f, 0xc43f, 0xc43f, 0xc43f, 0xc43f, 0xc43f, 0xc43f, 0xc43f, 0xc43f, 0xc43f, 
  0xc43f, 0xc43f, 0xc43f, 0xc43f, 0xc43f, 0xc43f, 0xc43f, 0xdbf9, 0xfb4d, 0xd3fa, 0xc43f, 0xc43f, 0xc43f, 0xc43f, 0xc43f, 0xc43f, 0xc43f, 0xc43f, 0xc43f, 0xc43f, 
  0xc43f, 0xc43f, 0xc43f, 0xc43f, 0xc43f, 0xc43f, 0xc43f, 0xdbf9, 0xfb4d, 0xd3fa, 0xc43f, 0xc43f, 0xc43f, 0xc43f, 0xc43f, 0xc43f, 0xc43f, 0xc43f, 0xc43f, 0xc43f, 
  0xc43f, 0xc43f, 0xc43f, 0xc43f, 0xc43f, 0xc43f, 0xdbd8, 0xeb93, 0xfb4d, 0xd3fa, 0xc43f, 0xc43f, 0xc43f, 0xc43f, 0xc43f, 0xc43f, 0xc43f, 0xc43f, 0xc43f, 0xc43f, 
  0xc43f, 0xc43f, 0xc43f, 0xc43f, 0xc43f, 0xc43e, 0xf371, 0xfb4d, 0xfb4d, 0xd3fa, 0xc43f, 0xc43f, 0xc43f, 0xc43f, 0xc43f, 0xc43f, 0xc43f, 0xc43f, 0xc43f, 0xc43f, 
  0xc43f, 0xc43f, 0xc43f, 0xc43f, 0xc43f, 0xc43e, 0xf371, 0xfb4d, 0xfb4d, 0xd3fa, 0xc43f, 0xc43f, 0xc43f, 0xc43f, 0xc43f, 0xc43f, 0xc43f, 0xc43f, 0xc43f, 0xc43f, 
  0xc43f, 0xc43f, 0xc43f, 0xc43f, 0xc43f, 0xc43e, 0xf371, 0xfb4d, 0xfb4d, 0xd3fa, 0xc43f, 0xc43f, 0xc43f, 0xc43f, 0xc43f, 0xc43f, 0xc43f, 0xc43f, 0xc43f, 0xc43f, 
  0xc43f, 0xc43f, 0xc43f, 0xc43f, 0xc43f, 0xc43e, 0xf371, 0xfb4d, 0xfb4d, 0xd3fa, 0xc43f, 0xc43f, 0xc43f, 0xc43f, 0xc43f, 0xc43f, 0xc43f, 0xc43f, 0xc43f, 0xc43f, 
  0xc43f, 0xc43f, 0xc43f, 0xc43f, 0xc43f, 0xc43e, 0xf371, 0xfb4d, 0xfb4d, 0xd3fa, 0xc43f, 0xc43f, 0xc43f, 0xc43f, 0xc43f, 0xc43f, 0xc43f, 0xc43f, 0xc43f, 0xc43f, 
  0xc43f, 0xc43f, 0xc43f, 0xc43f, 0xc43f, 0xc43e, 0xf371, 0xfb4d, 0xfb4d, 0xd3fa, 0xc43f, 0xc43f, 0xc43f, 0xc43f, 0xc43f, 0xc43f, 0xc43f, 0xc43f, 0xc43f, 0xc43f, 
  0xc43f, 0xc43f, 0xc43f, 0xc43f, 0xc43f, 0xc43e, 0xf371, 0xfb4d, 0xfb4d, 0xd3fa, 0xc43f, 0xc43f, 0xc43f, 0xc43f, 0xc43f, 0xc43f, 0xc43f, 0xc43f, 0xc43f, 0xc43f, 
  0xc43f, 0xc43f, 0xc43f, 0xc43f, 0xc43f, 0xc43e, 0xf371, 0xfb4d, 0xfb4d, 0xd3fa, 0xc43f, 0xc43f, 0xc43f, 0xc43f, 0xc43f, 0xc43f, 0xc43f, 0xc43f, 0xc43f, 0xc43f, 
  0xc43f, 0xc43f, 0xc43f, 0xc43f, 0xc43f, 0xc43e, 0xf371, 0xfb4d, 0xfb4d, 0xfb4d, 0xeb92, 0xc43f, 0xc43f, 0xc43f, 0xc43f, 0xc43f, 0xc43f, 0xc43f, 0xc43f, 0xc43f, 
  0xc43f, 0xc43f, 0xc43f, 0xc43f, 0xc43f, 0xc43f, 0xeb93, 0xfb6e, 0xfb4d, 0xfb4d, 0xeb92, 0xc43f, 0xc43f, 0xc43f, 0xc43f, 0xc43f, 0xc43f, 0xc43f, 0xc43f, 0xc43f, 
  0xc43f, 0xc43f, 0xc43f, 0xc43f, 0xc43f, 0xc43f, 0xc43f, 0xdbf9, 0xfb4d, 0xfb4d, 0xeb92, 0xc43f, 0xc43f, 0xc43f, 0xc43f, 0xc43f, 0xc43f, 0xc43f, 0xc43f, 0xc43f, 
  0xc43f, 0xc43f, 0xc43f, 0xc43f, 0xc43f, 0xc43f, 0xc43f, 0xdbf9, 0xfb4d, 0xfb4d, 0xeb92, 0xc43f, 0xc43f, 0xc43f, 0xc43f, 0xc43f, 0xc43f, 0xc43f, 0xc43f, 0xc43f, 
  0xc43f, 0xc43f, 0xc43f, 0xc43f, 0xc43f, 0xc43f, 0xc43f, 0xdbf9, 0xfb4d, 0xfb4d, 0xeb92, 0xc43f, 0xc43f, 0xc43f, 0xc43f, 0xc43f, 0xc43f, 0xc43f, 0xc43f, 0xc43f, 
  0xc43f, 0xc43f, 0xc43f, 0xc43f, 0xc43f, 0xc43f, 0xc43f, 0xdbf9, 0xfb4d, 0xfb4d, 0xeb92, 0xc43f, 0xc43f, 0xc43f, 0xc43f, 0xc43f, 0xc43f, 0xc43f, 0xc43f, 0xc43f, 
  0xc43f, 0xc43f, 0xc43f, 0xc43f, 0xc43f, 0xc43f, 0xc43f, 0xdbf9, 0xfb4d, 0xfb4d, 0xeb92, 0xc43f, 0xc43f, 0xc43f, 0xc43f, 0xc43f, 0xc43f, 0xc43f, 0xc43f, 0xc43f, 
  0xc43f, 0xc43f, 0xc43f, 0xc43f, 0xc43f, 0xc43f, 0xc43f, 0xd3fa, 0xf370, 0xfb4e, 0xeb92, 0xc43f, 0xc43f, 0xc43f, 0xc43f, 0xc43f, 0xc43f, 0xc43f, 0xc43f, 0xc43f, 
  0xc43f, 0xc43f, 0xc43f, 0xc43f, 0xc43f, 0xc43f, 0xc43f, 0xc43f, 0xc43f, 0xeb92, 0xeb92, 0xc43f, 0xc43f, 0xc43f, 0xc43f, 0xc43f, 0xc43f, 0xc43f, 0xc43f, 0xc43f, 
  0xc43f, 0xc43f, 0xc43f, 0xc43f, 0xc43f, 0xc43f, 0xc43f, 0xc43f, 0xc43f, 0xeb92, 0xeb92, 0xc43f, 0xc43f, 0xc43f, 0xc43f, 0xc43f, 0xc43f, 0xc43f, 0xc43f, 0xc43f, 
  0xc43f, 0xc43f, 0xc43f, 0xc43f, 0xc43f, 0xc43f, 0xc43f, 0xc43f, 0xc43f, 0xcc1d, 0xdbd9, 0xf391, 0xd3fb, 0xc43f, 0xc43f, 0xc43f, 0xc43f, 0xc43f, 0xc43f, 0xc43f, 
  0xc43f, 0xc43f, 0xc43f, 0xc43f, 0xc43f, 0xc43f, 0xc43f, 0xc43f, 0xc43f, 0xc43f, 0xc43f, 0xcc3e, 0xc43f, 0xc43f, 0xc43f, 0xc43f, 0xc43f, 0xc43f, 0xc43f, 0xc43f, 
  0xc43f, 0xc43f, 0xc43f, 0xc43f, 0xc43f, 0xc43f, 0xc43f, 0xc43f, 0xc43f, 0xc43f, 0xc43f, 0xc43f, 0xc43f, 0xc43f, 0xc43f, 0xc43f, 0xc43f, 0xc43f, 0xc43f, 0xc43f, 
  0xc43f, 0xc43f, 0xc43f, 0xc43f, 0xc43f, 0xc43f, 0xc43f, 0xc43f, 0xc43f, 0xc43f, 0xc43f, 0xc43f, 0xc43f, 0xc43f, 0xc43f, 0xc43f, 0xc43f, 0xc43f, 0xc43f, 0xc43f, 
  0xc43f, 0xc43f, 0xc43f, 0xc43f, 0xc43f, 0xc43f, 0xc43f, 0xc43f, 0xc43f, 0xc43f, 0xc43f, 0xc43f, 0xc43f, 0xc43f, 0xc43f, 0xc43f, 0xc43f, 0xc43f, 0xc43f, 0xc43f, 
  0xc43f, 0xc43f, 0xc43f, 0xc43f, 0xc43f, 0xc43f, 0xc43f, 0xc43f, 0xc43f, 0xc43f, 0xc43f, 0xc43f, 0xc43f, 0xc43f, 0xc43f, 0xc43f, 0xc43f, 0xc43f, 0xc43f, 0xc43f, 
  0xc43f, 0xc43f, 0xc43f, 0xc43f, 0xc43f, 0xc43f, 0xc43f, 0xc43f, 0xc43f, 0xc43f, 0xc43f, 0xc43f, 0xc43f, 0xc43f, 0xc43f, 0xc43f, 0xc43f, 0xc43f, 0xc43f, 0xc43f, 
  0xc43f, 0xc43f, 0xc43f, 0xc43f, 0xc43f, 0xc43f, 0xc43f, 0xc43f, 0xc43f, 0xc43f, 0xc43f, 0xc43f, 0xc43f, 0xc43f, 0xc43f, 0xc43f, 0xc43f, 0xc43f, 0xc43f, 0xc43f
};

#define ATK5_HEIGHT 47
#define ATK5_WIDTH 20

// array size is 1880
static const short int atk5[]  = {
  0xc43f, 0xc43f, 0xc43f, 0xc43f, 0xc43f, 0xc43f, 0xc43f, 0xc43f, 0xc43f, 0xc43f, 0xc43f, 0xc43f, 0xc43f, 0xc43f, 0xc43f, 0xc43f, 0xc43f, 0xc43f, 0xc43f, 0xc43f, 
  0xc43f, 0xc43f, 0xc43f, 0xc43f, 0xc43f, 0xc43f, 0xc43f, 0xc43f, 0xc43f, 0xc43f, 0xc43f, 0xc43f, 0xc43f, 0xc43f, 0xc43f, 0xc43f, 0xc43f, 0xc43f, 0xc43f, 0xc43f, 
  0xc43f, 0xc43f, 0xc43f, 0xc43f, 0xc43f, 0xc43f, 0xc43f, 0xc43f, 0xc43f, 0xc43f, 0xc43f, 0xc43f, 0xc43f, 0xc43f, 0xc43f, 0xc43f, 0xc43f, 0xc43f, 0xc43f, 0xc43f, 
  0xc43f, 0xc43f, 0xc43f, 0xc43f, 0xc43f, 0xc43f, 0xc43f, 0xc43f, 0xc43f, 0xc43f, 0xc43f, 0xc43f, 0xc43f, 0xc43f, 0xc43f, 0xc43f, 0xc43f, 0xc43f, 0xc43f, 0xc43f, 
  0xc43f, 0xc43f, 0xc43f, 0xc43f, 0xc43f, 0xc43f, 0xc43f, 0xc43f, 0xc43f, 0xc43f, 0xc43f, 0xc43f, 0xc43f, 0xc43f, 0xc43f, 0xc43f, 0xc43f, 0xc43f, 0xc43f, 0xc43f, 
  0xc43f, 0xc43f, 0xc43f, 0xc43f, 0xc43f, 0xc43f, 0xc43f, 0xc43f, 0xc43f, 0xc43f, 0xc43f, 0xc43f, 0xc43f, 0xc43f, 0xc43f, 0xc43f, 0xc43f, 0xc43f, 0xc43f, 0xc43f, 
  0xc43f, 0xc43f, 0xc43f, 0xc43f, 0xc43f, 0xc43f, 0xc43f, 0xc43f, 0xc43f, 0xc43f, 0xc43f, 0xc43f, 0xc43f, 0xc43f, 0xc43f, 0xc43f, 0xc43f, 0xc43f, 0xc43f, 0xc43f, 
  0xc43f, 0xc43f, 0xc43f, 0xc43f, 0xc43f, 0xc43f, 0xc43f, 0xc43f, 0xc43f, 0xc43f, 0xc43f, 0xc43f, 0xc43f, 0xc43f, 0xc43f, 0xc43f, 0xc43f, 0xc43f, 0xc43f, 0xc43f, 
  0xc43f, 0xc43f, 0xc43f, 0xc43f, 0xc43f, 0xc43f, 0xc43f, 0xc43f, 0xc43f, 0xc43f, 0xc43f, 0xc43f, 0xc43f, 0xc43f, 0xc43f, 0xc43f, 0xc43f, 0xc43f, 0xc43f, 0xc43f, 
  0xc43f, 0xc43f, 0xc43f, 0xc43f, 0xc43f, 0xc43f, 0xc43f, 0xc43f, 0xc43f, 0xc43f, 0xc43f, 0xc43f, 0xc43f, 0xc43f, 0xc43f, 0xc43f, 0xc43f, 0xc43f, 0xc43f, 0xc43f, 
  0xc43f, 0xc43f, 0xc43f, 0xc43f, 0xc43f, 0xc43f, 0xc43f, 0xc43f, 0xc43f, 0xc43f, 0xc43f, 0xc43f, 0xc43f, 0xc43f, 0xc43f, 0xc43f, 0xc43f, 0xc43f, 0xc43f, 0xc43f, 
  0xc43f, 0xc43f, 0xc43f, 0xc43f, 0xc43f, 0xc43f, 0xc43f, 0xc43f, 0xc43f, 0xc43f, 0xc43f, 0xc43f, 0xc43f, 0xc43f, 0xc43f, 0xc43f, 0xc43f, 0xc43f, 0xc43f, 0xc43f, 
  0xc43f, 0xc43f, 0xc43f, 0xc43f, 0xc43f, 0xc43f, 0xc43f, 0xc43f, 0xc43f, 0xc43f, 0xc43f, 0xc43f, 0xc43f, 0xc43f, 0xc43f, 0xc43f, 0xc43f, 0xc43f, 0xc43f, 0xc43f, 
  0xc43f, 0xc43f, 0xc43f, 0xc43f, 0xc43f, 0xc43f, 0xc43f, 0xc43f, 0xc43f, 0xc43f, 0xc43f, 0xc43f, 0xc43f, 0xc43f, 0xc43f, 0xc43f, 0xc43f, 0xc43f, 0xc43f, 0xc43f, 
  0xc43f, 0xc43f, 0xc43f, 0xc43f, 0xc43f, 0xc43f, 0xc43f, 0xc43f, 0xc43f, 0xc43f, 0xc43f, 0xc43f, 0xc43f, 0xc43f, 0xc43f, 0xc43f, 0xc43f, 0xc43f, 0xc43f, 0xc43f, 
  0xc43f, 0xc43f, 0xc43f, 0xc43f, 0xc43f, 0xc43f, 0xc43f, 0xc43f, 0xc43f, 0xc43f, 0xc43f, 0xc43f, 0xc43f, 0xc43f, 0xc43f, 0xc43f, 0xc43f, 0xc43f, 0xc43f, 0xc43f, 
  0xc43f, 0xc43f, 0xc43f, 0xc43f, 0xc43f, 0xc43f, 0xc43f, 0xc43f, 0xc43f, 0xc43f, 0xc43f, 0xc43f, 0xc43f, 0xc43f, 0xc43f, 0xc43f, 0xc43f, 0xc43f, 0xc43f, 0xc43f, 
  0xc43f, 0xc43f, 0xc43f, 0xc43f, 0xc43f, 0xc43f, 0xc43f, 0xc43f, 0xc43f, 0xc43f, 0xc43f, 0xc43f, 0xc43f, 0xc43f, 0xc43f, 0xc43f, 0xc43f, 0xc43f, 0xc43f, 0xc43f, 
  0xc43f, 0xc43f, 0xc43f, 0xc43f, 0xc43f, 0xc43f, 0xc43f, 0xc43f, 0xc43f, 0xc43f, 0xc43f, 0xc43f, 0xc43f, 0xc43f, 0xc43f, 0xc43f, 0xc43f, 0xc43f, 0xc43f, 0xc43f, 
  0xc43f, 0xc43f, 0xc43f, 0xc43f, 0xc43f, 0xc43f, 0xc43f, 0xc43f, 0xc43f, 0xc43f, 0xc43f, 0xc43f, 0xc43f, 0xc43f, 0xc43f, 0xc43f, 0xc43f, 0xc43f, 0xc43f, 0xc43f, 
  0xc43f, 0xc43f, 0xc43f, 0xc43f, 0xc43f, 0xc43f, 0xc43f, 0xc43f, 0xc43f, 0xc43f, 0xc43f, 0xc43f, 0xc43f, 0xc43f, 0xc43f, 0xc43f, 0xc43f, 0xc43f, 0xc43f, 0xc43f, 
  0xc43f, 0xc43f, 0xc43f, 0xc43f, 0xc43f, 0xc43f, 0xc43f, 0xc43f, 0xc43f, 0xc43f, 0xc43f, 0xc43f, 0xc43f, 0xc43f, 0xc43f, 0xc43f, 0xc43f, 0xc43f, 0xc43f, 0xc43f, 
  0xc43f, 0xc43f, 0xc43f, 0xc43f, 0xc43f, 0xc43f, 0xc43f, 0xc43f, 0xc43f, 0xc43f, 0xc43f, 0xc43f, 0xc43f, 0xc43f, 0xc43f, 0xc43f, 0xc43f, 0xc43f, 0xc43f, 0xc43f, 
  0xc43f, 0xc43f, 0xc43f, 0xc43f, 0xc43f, 0xc43f, 0xc43f, 0xc43f, 0xc43f, 0xc43f, 0xc43f, 0xc43f, 0xc43f, 0xc43f, 0xc43f, 0xc43f, 0xc43f, 0xc43f, 0xc43f, 0xc43f, 
  0xc43f, 0xc43f, 0xc43f, 0xc43f, 0xc43f, 0xc43f, 0xc43f, 0xc43f, 0xc43f, 0xc43f, 0xc43f, 0xc43f, 0xc43f, 0xc43f, 0xc43f, 0xc43f, 0xc43f, 0xc43f, 0xc43f, 0xc43f, 
  0xc43f, 0xc43f, 0xc43f, 0xc43f, 0xc43f, 0xc43f, 0xc43f, 0xc43f, 0xc43f, 0xc43f, 0xc43f, 0xc43f, 0xc43f, 0xc43f, 0xc43f, 0xc43f, 0xc43f, 0xc43f, 0xc43f, 0xc43f, 
  0xc43f, 0xc43f, 0xc43f, 0xc43f, 0xc43f, 0xc43f, 0xc43f, 0xc43f, 0xc43f, 0xc43f, 0xc43f, 0xc43f, 0xc43f, 0xc43f, 0xc43f, 0xc43f, 0xc43f, 0xc43f, 0xc43f, 0xc43f, 
  0xc43f, 0xc43f, 0xc43f, 0xc43f, 0xc43f, 0xc43f, 0xc43f, 0xd3fb, 0xeb92, 0xcc1c, 0xc43f, 0xc43f, 0xc43f, 0xc43f, 0xc43f, 0xc43f, 0xc43f, 0xc43f, 0xc43f, 0xc43f, 
  0xc43f, 0xc43f, 0xc43f, 0xc43f, 0xc43f, 0xc43f, 0xc43f, 0xc43f, 0xcc1d, 0xc43f, 0xc43f, 0xc43f, 0xc43f, 0xc43f, 0xc43f, 0xc43f, 0xc43f, 0xc43f, 0xc43f, 0xc43f, 
  0xc43f, 0xc43f, 0xc43f, 0xc43f, 0xc43f, 0xc43f, 0xc43f, 0xc43f, 0xc43f, 0xc43f, 0xc43f, 0xc43f, 0xc43f, 0xc43f, 0xc43f, 0xc43f, 0xc43f, 0xc43f, 0xc43f, 0xc43f, 
  0xc43f, 0xc43f, 0xc43f, 0xc43f, 0xc43f, 0xc43e, 0xf371, 0xeb93, 0xc43f, 0xc43f, 0xc43f, 0xc43f, 0xc43f, 0xc43f, 0xc43f, 0xc43f, 0xc43f, 0xc43f, 0xc43f, 0xc43f, 
  0xc43f, 0xc43f, 0xc43f, 0xc43f, 0xc43f, 0xc43e, 0xf371, 0xf391, 0xd3f9, 0xcc1e, 0xc43f, 0xc43f, 0xc43f, 0xc43f, 0xc43f, 0xc43f, 0xc43f, 0xc43f, 0xc43f, 0xc43f, 
  0xc43f, 0xc43f, 0xc43f, 0xc43f, 0xc43f, 0xc43e, 0xf371, 0xfb4d, 0xfb4d, 0xd3fa, 0xc43f, 0xc43f, 0xc43f, 0xc43f, 0xc43f, 0xc43f, 0xc43f, 0xc43f, 0xc43f, 0xc43f, 
  0xc43f, 0xc43f, 0xc43f, 0xc43f, 0xc43f, 0xc43e, 0xf371, 0xfb4d, 0xfb4d, 0xd3fa, 0xc43f, 0xc43f, 0xc43f, 0xc43f, 0xc43f, 0xc43f, 0xc43f, 0xc43f, 0xc43f, 0xc43f, 
  0xc43f, 0xc43f, 0xc43f, 0xc43f, 0xc43f, 0xc43e, 0xf371, 0xfb4d, 0xfb4d, 0xd3fa, 0xc43f, 0xc43f, 0xc43f, 0xc43f, 0xc43f, 0xc43f, 0xc43f, 0xc43f, 0xc43f, 0xc43f, 
  0xc43f, 0xc43f, 0xc43f, 0xc43f, 0xc43f, 0xc43e, 0xf391, 0xfb4d, 0xfb4d, 0xfb4d, 0xeb92, 0xc43f, 0xc43f, 0xc43f, 0xc43f, 0xc43f, 0xc43f, 0xc43f, 0xc43f, 0xc43f, 
  0xc43f, 0xc43f, 0xc43f, 0xc43f, 0xc43f, 0xc43f, 0xc43f, 0xdbf9, 0xfb4d, 0xfb4d, 0xeb92, 0xc43f, 0xc43f, 0xc43f, 0xc43f, 0xc43f, 0xc43f, 0xc43f, 0xc43f, 0xc43f, 
  0xc43f, 0xc43f, 0xc43f, 0xc43f, 0xc43f, 0xc43f, 0xc43f, 0xdbf9, 0xfb4d, 0xfb4d, 0xeb92, 0xc43f, 0xc43f, 0xc43f, 0xc43f, 0xc43f, 0xc43f, 0xc43f, 0xc43f, 0xc43f, 
  0xc43f, 0xc43f, 0xc43f, 0xc43f, 0xc43f, 0xc43f, 0xc43f, 0xcc1d, 0xdbd7, 0xf370, 0xfb6f, 0xe3b5, 0xcc1c, 0xc43f, 0xc43f, 0xd3f9, 0xdbd7, 0xc43e, 0xc43f, 0xc43f, 
  0xc43f, 0xc43f, 0xc43f, 0xc43f, 0xc43f, 0xc43f, 0xc43f, 0xc43f, 0xc43f, 0xeb92, 0xfb4d, 0xfb4d, 0xf36f, 0xf371, 0xf371, 0xdbd7, 0xcc1c, 0xc43f, 0xc43f, 0xc43f, 
  0xc43f, 0xc43f, 0xc43f, 0xc43f, 0xc43f, 0xc43f, 0xc43f, 0xc43f, 0xc43f, 0xc43e, 0xcc3e, 0xcc3e, 0xeb93, 0xf370, 0xcc1d, 0xc43f, 0xc43f, 0xc43f, 0xc43f, 0xc43f, 
  0xc43f, 0xc43f, 0xc43f, 0xc43f, 0xc43f, 0xc43f, 0xc43f, 0xc43f, 0xc43f, 0xc43f, 0xc43f, 0xc43f, 0xc43f, 0xc43f, 0xc43f, 0xc43f, 0xc43f, 0xc43f, 0xc43f, 0xc43f, 
  0xc43f, 0xc43f, 0xc43f, 0xc43f, 0xc43f, 0xc43f, 0xc43f, 0xc43f, 0xc43f, 0xc43f, 0xc43f, 0xc43f, 0xc43f, 0xc43f, 0xc43f, 0xc43f, 0xc43f, 0xc43f, 0xc43f, 0xc43f, 
  0xc43f, 0xc43f, 0xc43f, 0xc43f, 0xc43f, 0xc43f, 0xc43f, 0xc43f, 0xc43f, 0xc43f, 0xc43f, 0xc43f, 0xc43f, 0xc43f, 0xc43f, 0xc43f, 0xc43f, 0xc43f, 0xc43f, 0xc43f, 
  0xc43f, 0xc43f, 0xc43f, 0xc43f, 0xc43f, 0xc43f, 0xc43f, 0xc43f, 0xc43f, 0xc43f, 0xc43f, 0xc43f, 0xc43f, 0xc43f, 0xc43f, 0xc43f, 0xc43f, 0xc43f, 0xc43f, 0xc43f, 
  0xc43f, 0xc43f, 0xc43f, 0xc43f, 0xc43f, 0xc43f, 0xc43f, 0xc43f, 0xc43f, 0xc43f, 0xc43f, 0xc43f, 0xc43f, 0xc43f, 0xc43f, 0xc43f, 0xc43f, 0xc43f, 0xc43f, 0xc43f, 
  0xc43f, 0xc43f, 0xc43f, 0xc43f, 0xc43f, 0xc43f, 0xc43f, 0xc43f, 0xc43f, 0xc43f, 0xc43f, 0xc43f, 0xc43f, 0xc43f, 0xc43f, 0xc43f, 0xc43f, 0xc43f, 0xc43f, 0xc43f
};

#define ATK6_HEIGHT 47
#define ATK6_WIDTH 20

// array size is 1880
static const short int atk6[]  = {
  0xc43f, 0xc43f, 0xc43f, 0xc43f, 0xc43f, 0xc43f, 0xc43f, 0xc43f, 0xc43f, 0xc43f, 0xc43f, 0xc43f, 0xc43f, 0xc43f, 0xc43f, 0xc43f, 0xc43f, 0xc43f, 0xc43f, 0xc43f, 
  0xc43f, 0xc43f, 0xc43f, 0xc43f, 0xc43f, 0xc43f, 0xc43f, 0xc43f, 0xc43f, 0xc43f, 0xc43f, 0xc43f, 0xc43f, 0xc43f, 0xc43f, 0xc43f, 0xc43f, 0xc43f, 0xc43f, 0xc43f, 
  0xc43f, 0xc43f, 0xc43f, 0xc43f, 0xc43f, 0xc43f, 0xc43f, 0xc43f, 0xc43f, 0xc43f, 0xc43f, 0xc43f, 0xc43f, 0xc43f, 0xc43f, 0xc43f, 0xc43f, 0xc43f, 0xc43f, 0xc43f, 
  0xc43f, 0xc43f, 0xc43f, 0xc43f, 0xc43f, 0xc43f, 0xc43f, 0xc43f, 0xc43f, 0xc43f, 0xc43f, 0xc43f, 0xc43f, 0xc43f, 0xc43f, 0xc43f, 0xc43f, 0xc43f, 0xc43f, 0xc43f, 
  0xc43f, 0xc43f, 0xc43f, 0xc43f, 0xc43f, 0xc43f, 0xc43f, 0xc43f, 0xc43f, 0xc43f, 0xc43f, 0xc43f, 0xc43f, 0xc43f, 0xc43f, 0xc43f, 0xc43f, 0xc43f, 0xc43f, 0xc43f, 
  0xc43f, 0xc43f, 0xc43f, 0xc43f, 0xc43f, 0xc43f, 0xc43f, 0xc43f, 0xc43f, 0xc43f, 0xc43f, 0xc43f, 0xc43f, 0xc43f, 0xc43f, 0xc43f, 0xc43f, 0xc43f, 0xc43f, 0xc43f, 
  0xc43f, 0xc43f, 0xc43f, 0xc43f, 0xc43f, 0xc43f, 0xc43f, 0xc43f, 0xc43f, 0xc43f, 0xc43f, 0xc43f, 0xc43f, 0xc43f, 0xc43f, 0xc43f, 0xc43f, 0xc43f, 0xc43f, 0xc43f, 
  0xc43f, 0xc43f, 0xc43f, 0xc43f, 0xc43f, 0xc43f, 0xc43f, 0xc43f, 0xc43f, 0xc43f, 0xc43f, 0xc43f, 0xc43f, 0xc43f, 0xc43f, 0xc43f, 0xc43f, 0xc43f, 0xc43f, 0xc43f, 
  0xc43f, 0xc43f, 0xc43f, 0xc43f, 0xc43f, 0xc43f, 0xc43f, 0xc43f, 0xc43f, 0xc43f, 0xc43f, 0xc43f, 0xc43f, 0xc43f, 0xc43f, 0xc43f, 0xc43f, 0xc43f, 0xc43f, 0xc43f, 
  0xc43f, 0xc43f, 0xc43f, 0xc43f, 0xc43f, 0xc43f, 0xc43f, 0xc43f, 0xc43f, 0xc43f, 0xc43f, 0xc43f, 0xc43f, 0xc43f, 0xc43f, 0xc43f, 0xc43f, 0xc43f, 0xc43f, 0xc43f, 
  0xc43f, 0xc43f, 0xc43f, 0xc43f, 0xc43f, 0xc43f, 0xc43f, 0xc43f, 0xc43f, 0xc43f, 0xc43f, 0xc43f, 0xc43f, 0xc43f, 0xc43f, 0xc43f, 0xc43f, 0xc43f, 0xc43f, 0xc43f, 
  0xc43f, 0xc43f, 0xc43f, 0xc43f, 0xc43f, 0xc43f, 0xc43f, 0xc43f, 0xc43f, 0xc43f, 0xc43f, 0xc43f, 0xc43f, 0xc43f, 0xc43f, 0xc43f, 0xc43f, 0xc43f, 0xc43f, 0xc43f, 
  0xc43f, 0xc43f, 0xc43f, 0xc43f, 0xc43f, 0xc43f, 0xc43f, 0xc43f, 0xc43f, 0xc43f, 0xc43f, 0xc43f, 0xc43f, 0xc43f, 0xc43f, 0xc43f, 0xc43f, 0xc43f, 0xc43f, 0xc43f, 
  0xc43f, 0xc43f, 0xc43f, 0xc43f, 0xc43f, 0xc43f, 0xc43f, 0xc43f, 0xc43f, 0xc43f, 0xc43f, 0xc43f, 0xc43f, 0xc43f, 0xc43f, 0xc43f, 0xc43f, 0xc43f, 0xc43f, 0xc43f, 
  0xc43f, 0xc43f, 0xc43f, 0xc43f, 0xc43f, 0xc43f, 0xc43f, 0xc43f, 0xc43f, 0xc43f, 0xc43f, 0xc43f, 0xc43f, 0xc43f, 0xc43f, 0xc43f, 0xc43f, 0xc43f, 0xc43f, 0xc43f, 
  0xc43f, 0xc43f, 0xc43f, 0xc43f, 0xc43f, 0xc43f, 0xc43f, 0xc43f, 0xc43f, 0xc43f, 0xc43f, 0xc43f, 0xc43f, 0xc43f, 0xc43f, 0xc43f, 0xc43f, 0xc43f, 0xc43f, 0xc43f, 
  0xc43f, 0xc43f, 0xc43f, 0xc43f, 0xc43f, 0xc43f, 0xc43f, 0xc43f, 0xc43f, 0xc43f, 0xc43f, 0xc43f, 0xc43f, 0xc43f, 0xc43f, 0xc43f, 0xc43f, 0xc43f, 0xc43f, 0xc43f, 
  0xc43f, 0xc43f, 0xc43f, 0xc43f, 0xc43f, 0xc43f, 0xc43f, 0xc43f, 0xc43f, 0xc43f, 0xc43f, 0xc43f, 0xc43f, 0xc43f, 0xc43f, 0xc43f, 0xc43f, 0xc43f, 0xc43f, 0xc43f, 
  0xc43f, 0xc43f, 0xc43f, 0xc43f, 0xc43f, 0xc43f, 0xc43f, 0xc43f, 0xc43f, 0xc43f, 0xc43f, 0xc43f, 0xc43f, 0xc43f, 0xc43f, 0xc43f, 0xc43f, 0xc43f, 0xc43f, 0xc43f, 
  0xc43f, 0xc43f, 0xc43f, 0xc43f, 0xc43f, 0xc43f, 0xc43f, 0xc43f, 0xc43f, 0xc43f, 0xc43f, 0xc43f, 0xc43f, 0xc43f, 0xc43f, 0xc43f, 0xc43f, 0xc43f, 0xc43f, 0xc43f, 
  0xc43f, 0xc43f, 0xc43f, 0xc43f, 0xc43f, 0xc43f, 0xc43f, 0xc43f, 0xc43f, 0xc43f, 0xc43f, 0xc43f, 0xc43f, 0xc43f, 0xc43f, 0xc43f, 0xc43f, 0xc43f, 0xc43f, 0xc43f, 
  0xc43f, 0xc43f, 0xc43f, 0xc43f, 0xc43f, 0xc43f, 0xc43f, 0xc43f, 0xc43f, 0xc43f, 0xc43f, 0xc43f, 0xc43f, 0xc43f, 0xc43f, 0xc43f, 0xc43f, 0xc43f, 0xc43f, 0xc43f, 
  0xc43f, 0xc43f, 0xc43f, 0xc43f, 0xc43f, 0xc43f, 0xc43f, 0xc43f, 0xc43f, 0xc43f, 0xc43f, 0xc43f, 0xc43f, 0xc43f, 0xc43f, 0xc43f, 0xc43f, 0xc43f, 0xc43f, 0xc43f, 
  0xc43f, 0xc43f, 0xc43f, 0xc43f, 0xc43f, 0xc43f, 0xc43f, 0xc43f, 0xc43f, 0xc43f, 0xc43f, 0xc43f, 0xc43f, 0xc43f, 0xc43f, 0xc43f, 0xc43f, 0xc43f, 0xc43f, 0xc43f, 
  0xc43f, 0xc43f, 0xc43f, 0xc43f, 0xc43f, 0xc43f, 0xc43f, 0xc43f, 0xc43f, 0xc43f, 0xc43f, 0xc43f, 0xc43f, 0xc43f, 0xc43f, 0xc43f, 0xc43f, 0xc43f, 0xc43f, 0xc43f, 
  0xc43f, 0xc43f, 0xc43f, 0xc43f, 0xc43f, 0xc43f, 0xc43f, 0xc43f, 0xc43f, 0xc43f, 0xc43f, 0xc43f, 0xc43f, 0xc43f, 0xc43f, 0xc43f, 0xc43f, 0xc43f, 0xc43f, 0xc43f, 
  0xc43f, 0xc43f, 0xc43f, 0xc43f, 0xc43f, 0xc43f, 0xc43f, 0xc43f, 0xc43f, 0xc43f, 0xc43f, 0xc43f, 0xc43f, 0xc43f, 0xc43f, 0xc43f, 0xc43f, 0xc43f, 0xc43f, 0xc43f, 
  0xc43f, 0xc43f, 0xc43f, 0xc43f, 0xc43f, 0xc43f, 0xc43f, 0xc43f, 0xc43f, 0xc43f, 0xc43f, 0xc43f, 0xc43f, 0xc43f, 0xc43f, 0xc43f, 0xc43f, 0xc43f, 0xc43f, 0xc43f, 
  0xc43f, 0xc43f, 0xc43f, 0xc43f, 0xc43f, 0xc43f, 0xc43f, 0xc43f, 0xc43f, 0xc43f, 0xc43f, 0xc43f, 0xc43f, 0xc43f, 0xc43f, 0xc43f, 0xc43f, 0xc43f, 0xc43f, 0xc43f, 
  0xc43f, 0xc43f, 0xc43f, 0xc43f, 0xc43f, 0xc43f, 0xc43f, 0xc43f, 0xc43f, 0xc43f, 0xc43f, 0xc43f, 0xc43f, 0xc43f, 0xc43f, 0xc43f, 0xc43f, 0xc43f, 0xc43f, 0xc43f, 
  0xc43f, 0xc43f, 0xc43f, 0xc43f, 0xc43f, 0xc43f, 0xc43f, 0xc43f, 0xc43f, 0xc43f, 0xc43f, 0xc43f, 0xc43f, 0xc43f, 0xc43f, 0xc43f, 0xc43f, 0xc43f, 0xc43f, 0xc43f, 
  0xc43f, 0xc43f, 0xc43f, 0xc43f, 0xc43f, 0xc43f, 0xc43f, 0xc43f, 0xc43f, 0xc43f, 0xc43f, 0xc43f, 0xc43f, 0xc43f, 0xc43f, 0xc43f, 0xc43f, 0xc43f, 0xc43f, 0xc43f, 
  0xc43f, 0xc43f, 0xc43f, 0xc43f, 0xc43f, 0xc43f, 0xc43f, 0xc43f, 0xc43f, 0xc43f, 0xc43f, 0xc43f, 0xc43f, 0xc43f, 0xc43f, 0xc43f, 0xc43f, 0xc43f, 0xc43f, 0xc43f, 
  0xc43f, 0xc43f, 0xc43f, 0xc43f, 0xc43f, 0xc43f, 0xc43f, 0xc43f, 0xc43f, 0xc43f, 0xc43f, 0xc43f, 0xc43f, 0xc43f, 0xc43f, 0xc43f, 0xc43f, 0xc43f, 0xc43f, 0xc43f, 
  0xc43f, 0xc43f, 0xc43f, 0xc43f, 0xc43f, 0xc43f, 0xc43f, 0xc43f, 0xc43f, 0xc43f, 0xc43f, 0xc43f, 0xc43f, 0xc43f, 0xc43f, 0xc43f, 0xc43f, 0xc43f, 0xc43f, 0xc43f, 
  0xc43f, 0xc43f, 0xc43f, 0xc43f, 0xc43f, 0xc43f, 0xc43f, 0xc43f, 0xc43f, 0xc43f, 0xc43f, 0xc43f, 0xc43f, 0xc43f, 0xc43f, 0xc43f, 0xc43f, 0xc43f, 0xc43f, 0xc43f, 
  0xc43f, 0xc43f, 0xc43f, 0xc43f, 0xc43f, 0xc43f, 0xc43f, 0xc43f, 0xc43f, 0xc43f, 0xc43f, 0xc43f, 0xc43f, 0xc43f, 0xc43f, 0xc43f, 0xc43f, 0xc43f, 0xc43f, 0xc43f, 
  0xc43f, 0xc43f, 0xc43f, 0xc43f, 0xc43f, 0xc43f, 0xc43f, 0xc43f, 0xc43f, 0xc43f, 0xc43f, 0xc43f, 0xc43f, 0xc43f, 0xc43f, 0xc43f, 0xc43e, 0xd3f9, 0xcc1c, 0xc43f, 
  0xc43f, 0xc43f, 0xc43f, 0xc43f, 0xc43f, 0xc43f, 0xc43f, 0xc43f, 0xc43f, 0xc43f, 0xc43f, 0xc43f, 0xc43f, 0xc43f, 0xc43f, 0xc43f, 0xcc3e, 0xdbd8, 0xcc1c, 0xc43f, 
  0xc43f, 0xc43f, 0xc43f, 0xc43f, 0xc43f, 0xc43f, 0xc43f, 0xd3fb, 0xf391, 0xd41b, 0xc43f, 0xc43f, 0xc43f, 0xc43f, 0xc43f, 0xc43f, 0xc43f, 0xc43f, 0xc43f, 0xc43f, 
  0xc43f, 0xc43f, 0xc43f, 0xc43f, 0xc43f, 0xc43f, 0xc43f, 0xc43f, 0xcc3e, 0xc43f, 0xd3fb, 0xfb6e, 0xd3fa, 0xc43f, 0xc43f, 0xe3b5, 0xf391, 0xcc3e, 0xc43f, 0xc43f, 
  0xc43f, 0xc43f, 0xc43f, 0xc43f, 0xc43f, 0xc43f, 0xc43f, 0xc43f, 0xc43f, 0xeb93, 0xfb4d, 0xfb4d, 0xfb4d, 0xfb4d, 0xfb4d, 0xdbd8, 0xc43f, 0xc43f, 0xc43f, 0xc43f, 
  0xc43f, 0xc43f, 0xc43f, 0xc43f, 0xc43f, 0xc43f, 0xc43f, 0xc43f, 0xc43f, 0xc43f, 0xd41b, 0xf370, 0xf370, 0xeb93, 0xc43f, 0xc43f, 0xc43f, 0xc43f, 0xc43f, 0xc43f, 
  0xc43f, 0xc43f, 0xc43f, 0xc43f, 0xc43f, 0xc43f, 0xc43f, 0xc43f, 0xc43f, 0xc43f, 0xc43f, 0xc43f, 0xc43f, 0xc43f, 0xc43f, 0xc43f, 0xc43f, 0xc43f, 0xc43f, 0xc43f, 
  0xc43f, 0xc43f, 0xc43f, 0xc43f, 0xc43f, 0xc43f, 0xc43f, 0xc43f, 0xc43f, 0xc43f, 0xc43f, 0xc43f, 0xc43f, 0xc43f, 0xc43f, 0xc43f, 0xc43f, 0xc43f, 0xc43f, 0xc43f, 
  0xc43f, 0xc43f, 0xc43f, 0xc43f, 0xc43f, 0xc43f, 0xc43f, 0xc43f, 0xc43f, 0xc43f, 0xc43f, 0xc43f, 0xc43f, 0xc43f, 0xc43f, 0xc43f, 0xc43f, 0xc43f, 0xc43f, 0xc43f, 
  0xc43f, 0xc43f, 0xc43f, 0xc43f, 0xc43f, 0xc43f, 0xc43f, 0xc43f, 0xc43f, 0xc43f, 0xc43f, 0xc43f, 0xc43f, 0xc43f, 0xc43f, 0xc43f, 0xc43f, 0xc43f, 0xc43f, 0xc43f
};

struct Sprite attack_sprites[6] = {
    {atk1, ATK1_WIDTH, ATK1_HEIGHT, {0,0,0}, {0,0,0}, 0, 0},
    {atk2, ATK2_WIDTH, ATK2_HEIGHT, {0,0,0}, {0,0,0}, 0, 0},
    {atk3, ATK3_WIDTH, ATK3_HEIGHT, {0,0,0}, {0,0,0}, 0, 0},
    {atk4, ATK4_WIDTH, ATK4_HEIGHT, {0,0,0}, {0,0,0}, 0, 0},
    {atk5, ATK5_WIDTH, ATK5_HEIGHT, {0,0,0}, {0,0,0}, 0, 0},
    {atk6, ATK6_WIDTH, ATK6_HEIGHT, {0,0,0}, {0,0,0}, 0, 0},
};

static const unsigned char number1[] = {
    0, 1, 1, 1,
    0, 0, 1, 1,
    0, 0, 1, 1,
    0, 0, 1, 1,
    0, 0, 1, 1
};

static const unsigned char number2[] = {
    1, 1, 1, 0,
    0, 0, 1, 1,
    0, 1, 1, 1,
    1, 1, 1, 0,
    1, 1, 1, 1
};

static const unsigned char number3[] = {
    1, 1, 1, 0,
    0, 0, 1, 0,
    0, 1, 1, 1,
    0, 0, 1, 1,
    1, 1, 1, 1
};

static const unsigned char number4[] = {
    0, 0, 1, 1,
    1, 0, 1, 1,
    1, 1, 1, 1,
    1, 1, 1, 1,
    0, 0, 1, 1
};

static const unsigned char number5[] = {
    1, 1, 1, 1,
    1, 1, 0, 0,
    1, 1, 1, 1,
    0, 1, 1, 1,
    1, 1, 1, 0
};

static const unsigned char number6[] = {
    1, 1, 1, 0,
    1, 1, 0, 0,
    1, 1, 1, 1,
    1, 0, 1, 1,
    1, 1, 1, 1
};

static const unsigned char number7[] = {
    1, 1, 1, 1,
    0, 0, 1, 1,
    0, 1, 1, 0,
    1, 1, 0, 0,
    1, 1, 0, 0
};

static const unsigned char number8[] = {
    0, 1, 1, 1,
    1, 1, 0, 1,
    1, 1, 1, 1,
    1, 0, 1, 1,
    1, 1, 1, 1
};

static const unsigned char number9[] = {
    1, 1, 1, 1,
    1, 1, 0, 1,
    1, 1, 1, 1,
    1, 1, 1, 1,
    0, 0, 1, 1
};

static const unsigned char number0[] = {
    1, 1, 1, 1,
    1, 1, 1, 1,
    1, 0, 1, 1,
    1, 0, 1, 1,
    1, 1, 1, 1
};

static const short int blasterColors[20] = {0xFFFF, // #ffffff
    0xef9d, // #f2f2f2
    0xe71c, // #e4e4e4
    0xD6BA, // #d7d7d7
    0xc658, // #c9c9c9
    0xbdd7, // #bcbcbc
    0xAD75, // #aeaeae
    0xA514, // #a1a1a1
    0x94B2, // #949494
    0x8430, // #868686
    0x7BcF, // #797979
    0x6B4D, // #6b6b6b
    0x5AEB, // #5e5e5e
    0x528A, // #515151
    0x4228, // #434343
    0x39A7, // #363636
    0x2945, // #282828
    0x18E3, // #1b1b1b
    0x1062, // #0d0d0d
    0x0000  // #000000
};

// we have a look up table for sin to avoid calculating floats
static const int sinValues[360] = {
       0,   4,   9,  13,  18,  22,  27,  31,  36,  40,
      44,  49,  53,  58,  62,  66,  71,  75,  79,  83,
      88,  92,  96, 100, 104, 108, 112, 116, 120, 124,
     128, 132, 136, 139, 143, 147, 150, 154, 158, 161,
     165, 168, 171, 175, 178, 181, 184, 187, 190, 193,
     196, 199, 202, 204, 207, 210, 212, 215, 217, 219,
     222, 224, 226, 228, 230, 232, 234, 236, 237, 239,
     241, 242, 243, 245, 246, 247, 248, 249, 250, 251,
     252, 253, 254, 254, 255, 255, 255, 256, 256, 256,
     256, 256, 256, 256, 255, 255, 255, 254, 254, 253,
     252, 251, 250, 249, 248, 247, 246, 245, 243, 242,
     241, 239, 237, 236, 234, 232, 230, 228, 226, 224,
     222, 219, 217, 215, 212, 210, 207, 204, 202, 199,
     196, 193, 190, 187, 184, 181, 178, 175, 171, 168,
     165, 161, 158, 154, 150, 147, 143, 139, 136, 132,
     128, 124, 120, 116, 112, 108, 104, 100,  96,  92,
      88,  83,  79,  75,  71,  66,  62,  58,  53,  49,
      44,  40,  36,  31,  27,  22,  18,  13,   9,   4,
       0,  -4,  -9, -13, -18, -22, -27, -31, -36, -40,
     -44, -49, -53, -58, -62, -66, -71, -75, -79, -83,
     -88, -92, -96,-100,-104,-108,-112,-116,-120,-124,
    -128,-132,-136,-139,-143,-147,-150,-154,-158,-161,
    -165,-168,-171,-175,-178,-181,-184,-187,-190,-193,
    -196,-199,-202,-204,-207,-210,-212,-215,-217,-219,
    -222,-224,-226,-228,-230,-232,-234,-236,-237,-239,
    -241,-242,-243,-245,-246,-247,-248,-249,-250,-251,
    -252,-253,-254,-254,-255,-255,-255,-256,-256,-256,
    -256,-256,-256,-256,-255,-255,-255,-254,-254,-253,
    -252,-251,-250,-249,-248,-247,-246,-245,-243,-242,
    -241,-239,-237,-236,-234,-232,-230,-228,-226,-224,
    -222,-219,-217,-215,-212,-210,-207,-204,-202,-199,
    -196,-193,-190,-187,-184,-181,-178,-175,-171,-168,
    -165,-161,-158,-154,-150,-147,-143,-139,-136,-132,
    -128,-124,-120,-116,-112,-108,-104,-100, -96, -92,
     -88, -83, -79, -75, -71, -66, -62, -58, -53, -49,
     -44, -40, -36, -31, -27, -22, -18, -13,  -9,  -4
};

static const int cosValues[360] = {
     256, 256, 256, 256, 255, 255, 255, 254, 254, 253,
     252, 251, 250, 249, 248, 247, 246, 245, 243, 242,
     241, 239, 237, 236, 234, 232, 230, 228, 226, 224,
     222, 219, 217, 215, 212, 210, 207, 204, 202, 199,
     196, 193, 190, 187, 184, 181, 178, 175, 171, 168,
     165, 161, 158, 154, 150, 147, 143, 139, 136, 132,
     128, 124, 120, 116, 112, 108, 104, 100,  96,  92,
      88,  83,  79,  75,  71,  66,  62,  58,  53,  49,
      44,  40,  36,  31,  27,  22,  18,  13,   9,   4,
       0,  -4,  -9, -13, -18, -22, -27, -31, -36, -40,
     -44, -49, -53, -58, -62, -66, -71, -75, -79, -83,
     -88, -92, -96,-100,-104,-108,-112,-116,-120,-124,
    -128,-132,-136,-139,-143,-147,-150,-154,-158,-161,
    -165,-168,-171,-175,-178,-181,-184,-187,-190,-193,
    -196,-199,-202,-204,-207,-210,-212,-215,-217,-219,
    -222,-224,-226,-228,-230,-232,-234,-236,-237,-239,
    -241,-242,-243,-245,-246,-247,-248,-249,-250,-251,
    -252,-253,-254,-254,-255,-255,-255,-256,-256,-256,
    -256,-256,-256,-256,-255,-255,-255,-254,-254,-253,
    -252,-251,-250,-249,-248,-247,-246,-245,-243,-242,
    -241,-239,-237,-236,-234,-232,-230,-228,-226,-224,
    -222,-219,-217,-215,-212,-210,-207,-204,-202,-199,
    -196,-193,-190,-187,-184,-181,-178,-175,-171,-168,
    -165,-161,-158,-154,-150,-147,-143,-139,-136,-132,
    -128,-124,-120,-116,-112,-108,-104,-100, -96, -92,
     -88, -83, -79, -75, -71, -66, -62, -58, -53, -49,
     -44, -40, -36, -31, -27, -22, -18, -13,  -9,  -4,
       0,   4,   9,  13,  18,  22,  27,  31,  36,  40,
      44,  49,  53,  58,  62,  66,  71,  75,  79,  83,
      88,  92,  96, 100, 104, 108, 112, 116, 120, 124,
     128, 132, 136, 139, 143, 147, 150, 154, 158, 161,
     165, 168, 171, 175, 178, 181, 184, 187, 190, 193,
     196, 199, 202, 204, 207, 210, 212, 215, 217, 219,
     222, 224, 226, 228, 230, 232, 234, 236, 237, 239,
     241, 242, 243, 245, 246, 247, 248, 249, 250, 251,
     252, 253, 254, 254, 255, 255, 255, 256, 256, 256
};


int bounds_unlimited[4] = {0, 0, 360, 240};
int bounds_default[4] = {123, 116, 199, 192};

void graphics_init() {
    volatile int * pixel_ctrl_ptr = (int *)0xFF203020;
    /* Read location of the pixel buffer from the pixel buffer controller */
    pixel_buffer_start = *pixel_ctrl_ptr;

    /* set front pixel buffer to Buffer 1 */
    *(pixel_ctrl_ptr + 1) = (int) &Buffer1; // first store the address in the  back buffer
    /* now, swap the front/back buffers, to set the front buffer location */
    wait_for_vsync();
    /* initialize a pointer to the pixel buffer, used by drawing functions */
    pixel_buffer_start = *pixel_ctrl_ptr;
    clear_screen(); // pixel_buffer_start points to the pixel buffer

    /* set back pixel buffer to Buffer 2 */
    *(pixel_ctrl_ptr + 1) = (int) &Buffer2;
    pixel_buffer_start = *(pixel_ctrl_ptr + 1); // we draw on the back buffer
    clear_screen(); // pixel_buffer_start points to the pixel buffer
}

void wait_for_vsync() {
    *pixel_ctrl_ptr = 1;
    while ((*(pixel_ctrl_ptr + 3) & 0x00000001) != 0) {
        continue;
    }
}

void swap_buffers() {
    wait_for_vsync();
    pixel_buffer_start = *(pixel_ctrl_ptr + 1); // Switch to the new back buffer
}

void plot_pixel(int x, int y, short int line_color)
{
    volatile short int *one_pixel_address;
    one_pixel_address = pixel_buffer_start + (y << 10) + (x << 1);
    *one_pixel_address = line_color;
}

// reads a pixel from coordinate x, y in the current buffer, returns 1 if it is not black.
unsigned short int read_pixel(int x, int y){
    volatile short int *one_pixel_address;
    one_pixel_address = (volatile unsigned short int *) (pixel_buffer_start + (y << 10) + (x << 1));
    return *one_pixel_address;
}

void draw_line(int x0, int y0, int x1, int y1, short int color){
	bool is_steep = abs(y1 - y0) > abs(x1 - x0);
    if (is_steep) {
        int temp = x0;
        x0 = y0;
        y0 = temp;
        temp = x1;
        x1 = y1;
        y1 = temp;
    }
    if (x0 > x1) {
        int temp = x0;
        x0 = x1;
        x1 = temp;
        temp = y0;
        y0 = y1;
        y1 = temp;
    }

    int dx = x1 - x0;
    int dy = abs(y1 - y0);
    int error = -(dx / 2);
    int y = y0;
    int y_step;
    if (y0 < y1) {y_step = 1;} else {y_step = -1;}

    for (int x = x0; x <= x1; x++) {
        if (is_steep) {
            plot_pixel(y, x, color);
        } else {
            plot_pixel(x, y, color);
        }
        error = error + dy;
        if (error > 0) {
            y = y + y_step;
            error = error - dx;
        }
    }
}

// this function draws a rectangle (filled) on the screen with the correct color.
// point 0 must be on the top left, 1 must be on bottom right, else the code does not work
// I am too lazy to write the swap logic to figure out the order of traversal.
void draw_rectangle(int x0, int y0, int x1, int y1, short int color, int bounds[4]) {
    
    int start_x = x0; if (start_x < bounds[0]) {start_x = bounds[0];}
    int end_x = x1;   if (end_x > bounds[2]) {end_x = bounds[2];}
    int start_y = y0; if (start_y < bounds[1]) {start_y = bounds[1];}
    int end_y = y1;   if (end_y > bounds[3]) {end_y = bounds[3];}

    if (start_x > end_x || start_y > end_y) {return;}

    for (int j = start_y; j <= end_y; j++) {

        volatile short int *pixel_ptr = (volatile short int *)(pixel_buffer_start + (j << 10) + (start_x << 1));
        for (int i = start_x; i <= end_x; i++) {
            *pixel_ptr = color;
            pixel_ptr++;
        }
    }
}

void draw_rectangle_outline(int x0, int y0, int x1, int y1, short int color) {
    draw_line(x0, y0, x1, y0, color); 
    draw_line(x1, y0, x1, y1, color); 
    draw_line(x1, y1, x0, y1, color); 
    draw_line(x0, y1, x0, y0, color); 
}

void store_beam(struct blaster *blaster_ptr, int verticesX[4], int verticesY[4]) {
    // get the max and min y value for the rotated beam
    int raw_min_y = verticesY[0];
    int raw_max_y = verticesY[0];
    for (int i = 0; i < 4; i ++) {
        if (verticesY[i] > raw_max_y) { raw_max_y = verticesY[i];}
        if (verticesY[i] < raw_min_y) { raw_min_y = verticesY[i];}
    }

    // make sure it doesnt overflow
    if ( raw_min_y < 0) {raw_min_y = 0;}
    if (raw_max_y > 239) {raw_max_y = 239;}

    blaster_ptr->beam_max_y = raw_max_y;
    blaster_ptr->beam_min_y = raw_min_y;

    for (int j = blaster_ptr->beam_min_y; j < blaster_ptr->beam_max_y; j++) {
        int leftBound = 320, rightBound = 0;
        for (int i = 0; i < 4; i++) {
            int y0 = verticesY[i], y1 = verticesY[(i + 1) % 4];
            int x0 = verticesX[i], x1 = verticesX[(i + 1) % 4];

            if (y0 <= j && y1 > j || y0 > j && y1 <= j) {
                int xInt = x0 + (j - y0) * (x1 - x0) / (y1 - y0); // point slope form of a line, isolated for x
                if (xInt < leftBound) {leftBound = xInt;}
                if (xInt > rightBound) {rightBound = xInt;}
            }
        }
        blaster_ptr->beam_min_x[j] = leftBound;
        blaster_ptr->beam_max_x[j] = rightBound;
    }


}

void draw_any_blaster(struct blaster *blaster_ptr, int bounds[4]) {

    // avoid drawing for any invisible blasters
    if (blaster_ptr->frameCount > 148) { return; }
	if (blaster_ptr->frameCount < 0) { blaster_ptr->frameCount++; return;}
	
    // calculates all constants
	int cx = blaster_ptr->centerx;
	int cy = blaster_ptr->centery;
	int frame = blaster_ptr->frameCount;
	if (frame < 0) {frame = 0;}
	int cosV = cosValues[blaster_ptr->rotation];
    int sinV = sinValues[blaster_ptr->rotation];
	
	short int blasterColor;
	
	if (frame < 20) { blasterColor = blasterColors[19-frame]; }
	else if (frame >= 128 && frame < 148) { blasterColor = blasterColors[frame-128]; }
	else if (frame == 148) { blasterColor = 0x0000; }
	else { blasterColor = 0xffff; }
	
	short int beamColor;
	if (frame >= 68 && frame <= 128) { beamColor = 0xFFFF; }
	else if (frame > 128 && frame < 148) { beamColor = blasterColors[frame - 128]; }
    else { beamColor = 0x0000; }

    int min_x = cx - 40; if (min_x < 0) min_x = 0;
    int max_x = cx + 40; if (max_x > 320) max_x = 320;
    int max_y = cy + 40; if (max_y > 240) max_y = 240;
    int min_y = cy - 40; if (min_y < 0) min_y = 0;


    for (int j = min_y; j < max_y; j+=4) {
		
		int centreDistanceY = j - cy;
		int y_x = centreDistanceY * sinV;
		int y_y = centreDistanceY * cosV;

        volatile short int *pixel_ptr = (volatile short int *)(pixel_buffer_start + (j << 10) + (min_x << 1));
		
        int unrotated_X = (min_x - cx) * cosV + y_x;
        int unrotated_Y = -1 * (min_x - cx) * sinV + y_y;

        for (int i = min_x; i < max_x; i+=4) {
            // calculate centre of blaster head to current pixel location

            int sourceX = ((unrotated_X) >> 8) + (GASTER_BLASTER_WIDTH >> 1);
            int sourceY = ((unrotated_Y) >> 8) + (GASTER_BLASTER_HEIGHT >> 1);

            // draw head
            if (sourceX >= 0 && sourceX < GASTER_BLASTER_WIDTH && sourceY >= 0 && sourceY < GASTER_BLASTER_HEIGHT) {
                int index = sourceX + sourceY * GASTER_BLASTER_WIDTH;
                if (Gaster_Blaster[index] == 1) {
                    *pixel_ptr = blasterColor;
                }
            }
            pixel_ptr+=4;

            unrotated_X += (cosV << 2);
            unrotated_Y -= (sinV << 2);
        }
    }

    if (frame == 68) {
        int halfWidth = GASTER_BLASTER_WIDTH / 2;
        int halfHeight = GASTER_BLASTER_HEIGHT / 2;
        int beamLength = 200;

        int xUnrotated[4] = { -halfWidth, halfWidth, halfWidth, -halfWidth};
        int yUnrotated[4] = { halfHeight, halfHeight, halfHeight + beamLength, halfHeight + beamLength};
        int verticesX[4], verticesY[4];

        for (int i = 0; i < 4; i++) {
            verticesX[i] = cx + ((xUnrotated[i] * cosV - yUnrotated[i] * sinV) >> 8);
            verticesY[i] = cy + ((xUnrotated[i] * sinV + yUnrotated[i] * cosV) >> 8);
        }

        store_beam(blaster_ptr, verticesX, verticesY);
    }

    if ((frame >= 68 && frame <= 148)) {
        for (int j = blaster_ptr->beam_min_y; j < blaster_ptr->beam_max_y; j++) {
            int xLeft = blaster_ptr->beam_min_x[j];
            int xRight = blaster_ptr->beam_max_x[j];

            if (xLeft < 0) xLeft = 0;
            if (xRight >= 320) xRight = 319;

            volatile short int *pixel_ptr = (volatile short int *)(pixel_buffer_start + (j << 10) + (xLeft << 1));

            for (int i = xLeft; i <= xRight; i++) {
                *pixel_ptr = beamColor; 
                pixel_ptr++;            // move to the next pixel in memory
            }
        }
    }
    

    blaster_ptr->frameCount++;
}

void erase_sans(struct Sans *sans_ptr) {
    int cx = sans_ptr->centerx;
    int cy = sans_ptr->centery;
    int startX = cx - (SANS1_WIDTH >> 1);
    int startY = cy - (SANS1_HEIGHT >> 1);
    int endX = startX + SANS1_WIDTH - 1;
    int endY = startY + SANS1_HEIGHT - 1;
    int bounds_full[4] = {0, 0, 319, 239};
    draw_rectangle(startX, startY, endX, endY, 0x0000, bounds_full);
}

void draw_sans(struct Sans *sans_ptr, int bounds[4]){
    int cx = sans_ptr->centerx;
    int cy = sans_ptr->centery;

    int startX = cx - (SANS1_WIDTH >> 1);
    int startY = cy - (SANS1_HEIGHT >> 1);

    for (int row = 0; row < SANS1_HEIGHT; row++) {
        int screenY = startY + row;
        if (screenY < 0 || screenY >= 240) continue;

        volatile short int *pixel_ptr = (volatile short int *)(pixel_buffer_start + (screenY << 10) + (startX << 1));


            for (int col = 0; col < SANS1_WIDTH; col++) {
            int screenX = startX + col;
            if (screenX >= 0 && screenX < 320) {
                unsigned short int color = (unsigned short int)SANS1[row * SANS1_WIDTH + col];
                // AI helped somehow fix this condition? Makes no sense since I had the same logic but written differently but then AI compacted it and it now works?
                if (color != 0xc43f) {
                    *(pixel_ptr + col) = (color >= 0x8000) ? 0xffff : 0x0000;
                }
            }

        }

    }
}

void animate_sans(struct Sans *sans_ptr, int bounds[4]){
    int erase_centerx = sans_ptr->centerx;
    for(int shift = 0; shift < 60; shift++){
        // erase at the position currently on the back buffer (previous iteration)
        int save = sans_ptr->centerx;
        sans_ptr->centerx = erase_centerx;
        erase_sans(sans_ptr);
        sans_ptr->centerx = save;

        erase_centerx = sans_ptr->centerx;
        sans_ptr->centerx -= 1;
        draw_sans(sans_ptr, bounds);
        swap_buffers();
    }
}

void erase_head(struct Head *head_ptr) {
    int cx = head_ptr->centerx;
    int cy = head_ptr->centery - 31;
    int startX = cx - (HEAD_WIDTH >> 1);
    int startY = cy - (HEAD_HEIGHT >> 1);
    int endX = startX + HEAD_WIDTH - 1;
    int endY = startY + HEAD_HEIGHT - 1;
    int bounds_full[4] = {0, 0, 319, 239};
    draw_rectangle(startX, startY, endX, endY, 0x0000, bounds_full);
}

void draw_head(struct Head *head_ptr, int bounds[4]){
    int cx = head_ptr->centerx;
    int cy = head_ptr->centery - 31;

    int startX = cx - (HEAD_WIDTH >> 1);
    int startY = cy - (HEAD_HEIGHT >> 1);

    for (int row = 0; row < HEAD_HEIGHT; row++) {
        int screenY = startY + row;
        if (screenY < 0 || screenY >= 240) continue;

        volatile short int *pixel_ptr = (volatile short int *)(pixel_buffer_start + (screenY << 10) + (startX << 1));


            for (int col = 0; col < HEAD_WIDTH; col++) {
            int screenX = startX + col;
            if (screenX >= 0 && screenX < 320) {
                unsigned short int color = (unsigned short int)head[row * HEAD_WIDTH + col];
                // Just took that from sans
                if (color != 0xc43f) {
                    *(pixel_ptr + col) = (color >= 0x8000) ? 0xffff : 0x0000;
                }
            }

        }

    }
}

void animate_head(struct Head *head_ptr, int bounds[4]){
    int erase_centerx = head_ptr->centerx;
    for(int shift = 0; shift < 60; shift++){
        // erase at the position currently on the back buffer (previous iteration)
        int save = head_ptr->centerx;
        head_ptr->centerx = erase_centerx;
        erase_head(head_ptr);
        head_ptr->centerx = save;

        erase_centerx = head_ptr->centerx;
        head_ptr->centerx -= 1;
        draw_head(head_ptr, bounds);
        swap_buffers();
    }
}

void animate_sans_and_head(struct Sans *sans_ptr, struct Head *head_ptr, int bounds[4]){
    int erase_sans_x = sans_ptr->centerx;
    int erase_head_x = head_ptr->centerx;
    for(int shift = 0; shift < 60; shift++){
        // erase both at their back-buffer positions (previous iteration)
        int save_sans = sans_ptr->centerx;
        sans_ptr->centerx = erase_sans_x;
        erase_sans(sans_ptr);
        sans_ptr->centerx = save_sans;

        int save_head = head_ptr->centerx;
        head_ptr->centerx = erase_head_x;
        erase_head(head_ptr);
        head_ptr->centerx = save_head;

        // advance both and draw
        erase_sans_x = sans_ptr->centerx;
        sans_ptr->centerx -= 1;
        draw_sans(sans_ptr, bounds);

        erase_head_x = head_ptr->centerx;
        head_ptr->centerx -= 1;
        draw_head(head_ptr, bounds);

        swap_buffers();
    }
}

// void draw_any_blaster_new(struct blaster *blaster_ptr, int bounds[4]) {

//     // avoid drawing for any invisible blasters
//     if (blaster_ptr->frameCount > 148) { return; }
// 	if (blaster_ptr->frameCount < 0) { blaster_ptr->frameCount++; return;}
	
//     // calculates all constants
// 	int cx = blaster_ptr->centerx;
// 	int cy = blaster_ptr->centery;
// 	int frame = blaster_ptr->frameCount;
// 	if (frame < 0) {frame = 0;}
// 	int cosV = cosValues[blaster_ptr->rotation];
//     int sinV = sinValues[blaster_ptr->rotation];
	
// 	short int blasterColor;
	
// 	if (frame < 20) { blasterColor = blasterColors[19-frame]; }
// 	else if (frame >= 128 && frame < 148) { blasterColor = blasterColors[frame-128]; }
// 	else if (frame == 148) { blasterColor = 0x0000; }
// 	else { blasterColor = 0xffff; }
	
// 	short int beamColor;
// 	if (frame >= 68 && frame <= 128) { beamColor = 0xFFFF; }
// 	else if (frame > 128 && frame < 148) { beamColor = blasterColors[frame - 128]; }
//     else { beamColor = 0x0000; }

//     int min_x = cx - 28; if (min_x < 0) min_x = 0;
//     int max_x = cx + 28; if (max_x > 320) max_x = 320;
//     int max_y = cy + 28; if (max_y > 240) max_y = 240;
//     int min_y = cy - 28; if (min_y < 0) min_y = 0;


//     for (int j = min_y; j < max_y; j++) {

//         volatile short int *pixel_ptr = (volatile short int *)(pixel_buffer_start + (j << 10) + (min_x << 1));

//         for (int i = min_x; i < max_x; i++) {

//             int sourceX = i - (cx - 28);
//             int sourceY = j - (cy -28);

//             // draw head
//             if (Gaster_Blaster_Cache[blaster_ptr->rotation][sourceY * 56 + sourceX] == 1){
//                 *pixel_ptr = blasterColor;
//             }
//             pixel_ptr++;
//         }
//     }

//     if (frame == 68) {
//         int halfWidth = GASTER_BLASTER_WIDTH / 2;
//         int halfHeight = GASTER_BLASTER_HEIGHT / 2;
//         int beamLength = 200;

//         int xUnrotated[4] = { -halfWidth, halfWidth, halfWidth, -halfWidth};
//         int yUnrotated[4] = { halfHeight, halfHeight, halfHeight + beamLength, halfHeight + beamLength};
//         int verticesX[4], verticesY[4];

//         for (int i = 0; i < 4; i++) {
//             verticesX[i] = cx + ((xUnrotated[i] * cosV - yUnrotated[i] * sinV) >> 8);
//             verticesY[i] = cy + ((xUnrotated[i] * sinV + yUnrotated[i] * cosV) >> 8);
//         }

//         store_beam(blaster_ptr, verticesX, verticesY);
//     }

//     if ((frame >= 68 && frame <= 148)) {
//         for (int j = blaster_ptr->beam_min_y; j < blaster_ptr->beam_max_y; j++) {
//             int xLeft = blaster_ptr->beam_min_x[j];
//             int xRight = blaster_ptr->beam_max_x[j];

//             if (xLeft < 0) xLeft = 0;
//             if (xRight >= 320) xRight = 319;

//             volatile short int *pixel_ptr = (volatile short int *)(pixel_buffer_start + (j << 10) + (xLeft << 1));

//             for (int i = xLeft; i <= xRight; i++) {
//                 *pixel_ptr = beamColor; 
//                 pixel_ptr++;            // move to the next pixel in memory
//             }
//         }
//     }
    

//     blaster_ptr->frameCount++;
// }

void update_pos(int newPos, int pos[]){
    pos[2] = pos[1];
    pos[1] = pos[0];
    pos[0] = newPos;
}

// this function draws a vertical bone on the screen, at the specified coordinate.
// the coordinate starts at the top left, then goes down and right.
// for every bone, there are 3 parts: the top, bottom, and middle. the top and the bottom represents the "joint" of the bone, while the middle part is the flat part.
// the length in the function represents how long the middle part is. the smallest length is 1. inputting anything smaller than a 1 as length will result in a bone of length 1.
void draw_bone(struct Bone *bone_ptr, short int ind, short int color, int bounds[4]) {
    int x0 = (bone_ptr->posx[ind]) >> 8;
    int y0 = (bone_ptr->posy[ind]) >> 8;
    int length = bone_ptr->length;
    draw_rectangle(x0, y0, x0+1, y0+2, color, bounds);
    draw_rectangle(x0+3, y0, x0+4, y0+2, color, bounds);
    draw_rectangle(x0, y0+2+length+1, x0+1, y0+4+length+1, color, bounds);
    draw_rectangle(x0+3, y0+2+length+1, x0+4, y0+4+length+1, color, bounds);

    // draw the middle part
    draw_rectangle(x0+1, y0+1, x0+3, y0+2+length+2, color, bounds);
}

void draw_number(int x, int y, int num) {
    if (num < 0 || num > 9) { return; }
    unsigned char* lut[10] = {number0, number1, number2, number3, number4, number5, number6, number7, number8, number9};
    unsigned char* result = lut[num];

    for (int j = 0; j < 10; j++) {
        for (int i = 0; i < 8; i++) {
            int index = (((j/2) << 2) + (i/2));
            if (result[index] == 1) {
                plot_pixel(x+i, y+j, 0xffff);
            }
        }
    }
}

void clear_screen(){
    for (int i = 0; i < 320; i++) {
        for (int j = 0; j < 240; j++) {
            plot_pixel(i, j, 0x0000);
        }
    }
}

void draw_platform(struct platform *plat, short int index, int bounds[4]) {
    int x = plat->posx[index] >> 8;   // convert to screen pixels
    int y = plat->posy[index] >> 8;   // convert to screen pixels
    // get size
    int w = plat->width;
    int h = plat->height;

    // clear inside first
    if (w > 2 && h > 2) {
        draw_rectangle(x + 1, y + 1, x + w - 2, y + h - 2, 0x0000, bounds);
    }

    draw_rectangle(x, y + h - 1, x + w - 1, y + h - 1, 0xf7be, bounds); // bottom
    draw_rectangle(x, y, x, y + h - 1, 0xf7be, bounds); // left
    draw_rectangle(x + w - 1, y, x + w - 1, y + h - 1, 0xf7be, bounds); // right
    draw_rectangle(x, y, x + w - 1, y, 0x3E66, bounds); // top
}

void erase_platform(struct platform *plat, short int index, int bounds[4]) {
    int x = plat->posx[index] >> 8;   // convert to screen pixels
    int y = plat->posy[index] >> 8;   // convert to screen pixels
    // get size
    int w = plat->width;
    int h = plat->height;

    draw_rectangle(x, y, x + w - 1, y + h - 1, 0x0000, bounds);
}

void update_platform(struct platform *plat) {
    update_pos(plat->posx[0] + plat->velox, plat->posx);
    update_pos(plat->posy[0] + plat->veloy, plat->posy);
}

void draw_fight_button(int x, int y){
    for (int j = y; j < 21 + y; j++) {
        volatile short int *pixel_ptr = (volatile short int *)(pixel_buffer_start + (j << 10) + (x << 1));
        for (int i = x; i < 55 + x; i++) {
            *pixel_ptr = Fight_Button[(j - y) * 55 + (i - x)];
            pixel_ptr++;
        }
    }
}

void draw_iteam_button(int x, int y){
    for (int j = y; j < 21 + y; j++) {
        volatile short int *pixel_ptr = (volatile short int *)(pixel_buffer_start + (j << 10) + (x << 1));
        for (int i = x; i < 55 + x; i++) {
            *pixel_ptr = Item_Button[(j - y) * 55 + (i - x)];
            pixel_ptr++;
        }
    }
}

void draw_healthbar(int health) {
    int bounds_full[4] = {0, 0, 319, 239};
    short int color_healthy = (short int)0xFF60; // #ffef00 in RGB565
    short int color_damage  = (short int)0xA820; // #a80506 in RGB565

    int x_start = 110; 
    int y_start = 199; 
    int y_end   = 202;

    if (health > 0) {
        draw_rectangle(x_start, y_start, x_start + health, y_end, color_healthy, bounds_full);
    }
    if (health < 100) {
        draw_rectangle(x_start + health, y_start, x_start + 100, y_end, color_damage, bounds_full);
    }
}

void draw_sprite(struct Sprite *s, short int ind, int bounds[4]) {
    int cx = 0;
    int cy = 0;

    if(ind == 0){
        cx = s -> posx[0];
        cy = s -> posy[0];
    }
    else{
        cx = s -> posx[1];
        cy = s -> posy[1];
    } 

    cx = cx >> 8;
    cy = cy >> 8;

    int startX = cx - (s->width  >> 1);
    int startY = cy - (s->height >> 1);

    for (int row = 0; row < s->height; row++) {
        int screenY = startY + row;
        if (screenY < bounds[1] || screenY > bounds[3]) continue;

        volatile short int *row_ptr = (volatile short int *)(
            pixel_buffer_start + (screenY << 10) + (startX << 1));

        for (int col = 0; col < s->width; col++) {
            int screenX = startX + col;
            if (screenX < bounds[0] || screenX > bounds[2]) continue;

            unsigned short int color = (unsigned short int)s->data[row * s->width + col];
            if (color != 0xc43f) {
                *(row_ptr + col) = color;
            }
        }
    }
}

void erase_sprite(struct Sprite *s, short int ind) {
    int cx = (ind == 0 ? s->posx[0] : s->posx[1]) >> 8;
    int cy = (ind == 0 ? s->posy[0] : s->posy[1]) >> 8;

    int startX = cx - (s->width  >> 1);
    int startY = cy - (s->height >> 1);
    int endX = startX + s->width  - 1;
    int endY = startY + s->height - 1;

    int bounds_full[4] = {0, 0, 319, 239};
    draw_rectangle(startX, startY, endX, endY, 0x0000, bounds_full);
}

void animate_attack(int frames_per_sprite, int x, int y, int bounds[4]) {
    for (int i = 0; i < 6; i++) {
        attack_sprites[i].posx[0] = attack_sprites[i].posx[1] = attack_sprites[i].posx[2] = x << 8;
        attack_sprites[i].posy[0] = attack_sprites[i].posy[1] = attack_sprites[i].posy[2] = y << 8;
    }

    int prev = 0;


        for (int frame = 0; frame < 6; frame++) {
            for (int f = 0; f < frames_per_sprite; f++) {
                erase_sprite(&attack_sprites[prev], 0);
                draw_sprite(&attack_sprites[frame], 0, bounds);
                swap_buffers();
                prev = frame;
            }
        }


    // clean up
    erase_sprite(&attack_sprites[prev], 0);
    swap_buffers();
    erase_sprite(&attack_sprites[prev], 0);
    swap_buffers();
}
